trade_index,datetime_utc,victim_size_usd,front_run_size_usd,victim_cost_baseline,victim_cost_actual,front_run_shares,back_run_revenue,attacker_profit,shares_lost,expected_value_lost,price_before,price_after_frontrun,price_after_victim,price_after_backrun,market
3,2025-06-02 07:45:24+00:00,50.0,49.99999999999997,49.99999999999997,50.0,131.17737245122896,0.0,-49.99999999999997,17.59709639007042,6.1692637658862886,0.35058418895559623,0.412384274302853,0.46830330396286685,0.46830330396286685,NBA Finals Thunder vs Pacers
27,2025-06-02 08:19:24+00:00,1000.0,1000.0,1000.0,999.9999999999993,1170.3871743417353,1143.6400199700422,143.6400199700422,151.2182590620098,102.89842328361925,0.680462954155714,0.956755363396073,0.9941474748567433,0.9423636608687923,NBA Finals Thunder vs Pacers
30,2025-06-02 08:38:24+00:00,109.388887,109.38888700000007,109.38888700000007,109.38888699999984,115.1042643030986,110.50681161358716,1.1179246135870926,1.1699409606251265,1.1052761183987696,0.9447281150052178,0.9555890262038625,0.964315771142826,0.955489618873933,NBA Finals Thunder vs Pacers
31,2025-06-02 08:38:44+00:00,86.0,85.99999999999977,85.99999999999977,86.0,89.66712815398671,86.57769637623483,0.5776963762350533,0.6002030748024936,0.5734878071899973,0.955489618873933,0.9625231861020592,0.9684453032212222,0.9624798606387526,NBA Finals Thunder vs Pacers
33,2025-06-02 08:39:04+00:00,57.61111,57.61111000000005,57.61111000000005,57.611109999999826,59.692374134467514,57.83719829694064,0.2260882969405884,0.23378024962789823,0.22515088568429062,0.9630877118262011,0.9671049467787376,0.9706849783645279,0.9670900690421877,NBA Finals Thunder vs Pacers
37,2025-06-02 11:30:46+00:00,121.0,120.99999999999977,120.99999999999977,120.99999999999977,124.21920904911633,121.69020250275162,0.6902025027518448,0.7063922830366209,0.6857840653940462,0.9708261002597811,0.9770968497856634,0.9820197404388376,0.9770652123312392,NBA Finals Thunder vs Pacers
47,2025-06-02 18:18:33+00:00,121.0,120.99999999999977,120.99999999999977,121.0,123.03736798966906,121.43721977595169,0.43721977595191674,0.44371633274022315,0.4354446740248889,0.9813582279826131,0.9853651617172375,0.9885108297986455,0.9853523588389516,NBA Finals Thunder vs Pacers
48,2025-06-02 19:52:37+00:00,3887.01,3887.010000000001,3887.010000000001,3887.0099999999984,3894.3849087163926,3894.381784449525,7.371784449524057,7.371830193562346,7.263850270186862,0.9853523588389516,0.999993840383072,0.9999999974097618,0.9999937488955666,NBA Finals Thunder vs Pacers
49,2025-06-03 02:37:14+00:00,1247.44,1247.4399999999996,1247.4399999999996,1247.4400000000005,1247.4428676840093,1247.4426310812414,0.0026310812418159912,0.0026310825992368336,0.002631066152064733,0.9999937488955666,0.99999948424418,0.999999957446869,0.9999994842414659,NBA Finals Thunder vs Pacers
50,2025-06-03 11:16:40+00:00,762.5,762.5000000000009,762.5000000000009,762.4999999999991,762.500201759372,762.5001578522761,0.00015785227515152656,0.00015785229379616794,0.00015785221238250028,0.9999994842414659,0.9999998877600828,0.9999999755742305,0.9999998877600472,NBA Finals Thunder vs Pacers
51,2025-06-03 18:46:22+00:00,625.0,624.9999999999991,624.9999999999991,625.0,625.0000400413383,625.0000285693004,2.8569301321113016e-05,2.8569304049597122e-05,2.8569300842979784e-05,0.9999998877600472,0.999999967842715,0.9999999907867837,0.9999999678427133,NBA Finals Thunder vs Pacers
52,2025-06-03 22:36:28+00:00,130.6825,130.68249999999898,130.68249999999898,130.6825000000008,130.68250369808902,130.68250085055843,8.505594450980425e-07,8.505576261086389e-07,8.505575987570134e-07,0.9999999678427133,0.9999999752388951,0.9999999809339536,0.9999999752388951,NBA Finals Thunder vs Pacers
53,2025-06-03 22:37:16+00:00,93.75,93.74999999999818,93.74999999999818,93.75,93.75000211671522,93.75000036189886,3.6190067476127297e-07,3.6190067476127297e-07,3.6190066580021236e-07,0.9999999752388951,0.9999999794723231,0.999999982981958,0.9999999794723231,NBA Finals Thunder vs Pacers
54,2025-06-04 09:06:47+00:00,312.4375,312.4374999999982,312.4374999999982,312.4375,312.4375047693111,312.4375022161603,2.216162101831287e-06,2.2161602828418836e-06,2.2161602373492615e-06,0.9999999794723231,0.9999999890109527,0.9999999941172515,0.9999999890109527,NBA Finals Thunder vs Pacers
56,2025-06-05 09:47:26+00:00,179.0,179.0,179.0,179.0,179.0000016315489,179.00000049097798,4.909779818262905e-07,4.909779818262905e-07,4.909779765023712e-07,0.9999999891565009,0.9999999924196018,0.9999999947007476,0.9999999924196018,NBA Finals Thunder vs Pacers
57,2025-06-05 13:12:59+00:00,332.0,331.9999999999982,331.9999999999982,331.9999999999982,332.0000018390501,332.0000008923271,8.92328898771666e-07,8.923307177610695e-07,8.923307109968474e-07,0.9999999924196018,0.9999999960977015,0.9999999979911434,0.9999999960977015,NBA Finals Thunder vs Pacers
59,2025-06-05 19:51:34+00:00,249.0,248.99999999999818,248.99999999999818,249.0,249.00000074520813,249.00000029230796,2.923097781604156e-07,2.923097781604156e-07,2.9230977704975174e-07,0.9999999962003876,0.9999999976908047,0.9999999985965984,0.9999999976908047,NBA Finals Thunder vs Pacers
60,2025-06-05 22:42:21+00:00,6358.60375,6358.603749999998,6358.603749999998,6358.60375,6358.603751154593,6358.603751154589,1.1545907909749076e-06,1.1545907909749076e-06,1.154590788308732e-06,0.9999999976908047,0.9999999999999931,1.0,0.9999999999999931,NBA Finals Thunder vs Pacers
61,2025-06-05 23:43:16+00:00,1256.19,1256.1899999999969,1256.1899999999969,1256.1900000000023,1256.1900000000023,1256.1900000000023,5.4569682106375694e-12,1.8189894035458565e-12,1.818989403545844e-12,0.9999999999999931,0.9999999999999993,1.0,0.9999999999999993,NBA Finals Thunder vs Pacers
63,2025-06-06 00:17:38+00:00,600.0,600.0,600.0,600.0,599.9999999999982,600.0,0.0,0.0,0.0,0.9999999999999996,0.9999999999999998,1.0,0.9999999999999998,NBA Finals Thunder vs Pacers
64,2025-06-06 00:18:00+00:00,466.72,466.72000000000116,466.72000000000116,466.72000000000116,466.71999999999935,466.72000000000116,0.0,0.0,0.0,0.9999999999999998,1.0,1.0,1.0,NBA Finals Thunder vs Pacers
66,2025-06-06 03:05:26+00:00,525.45,525.4499999999971,525.4499999999971,525.4499999999971,525.4499999999989,525.4499999999971,0.0,0.0,0.0,1.0,1.0,1.0,1.0,NBA Finals Thunder vs Pacers
67,2025-06-06 03:26:16+00:00,500.0,500.0,500.0,500.0,499.9999999999982,500.0,0.0,0.0,0.0,1.0,1.0,1.0,1.0,NBA Finals Thunder vs Pacers
68,2025-06-06 03:29:12+00:00,100.0,100.0,100.0,100.0,99.99999999999818,100.0,0.0,0.0,0.0,1.0,1.0,1.0,1.0,NBA Finals Thunder vs Pacers
69,2025-06-06 03:29:54+00:00,326.53846,326.5384600000034,326.5384600000034,326.5384600000034,326.5384600000016,326.5384600000034,0.0,0.0,0.0,1.0,1.0,1.0,1.0,NBA Finals Thunder vs Pacers
70,2025-06-06 03:33:54+00:00,8100.0,8100.0,8100.0,8100.0,8099.999999999998,8100.0,0.0,1.8189894035458565e-12,1.8189894035458565e-12,1.0,1.0,1.0,1.0,NBA Finals Thunder vs Pacers
71,2025-06-06 03:34:18+00:00,368.0,368.0,368.0,368.0,367.9999999999982,368.0,0.0,0.0,0.0,1.0,1.0,1.0,1.0,NBA Finals Thunder vs Pacers
72,2025-06-06 03:34:28+00:00,500.0,500.0,500.0,500.0,499.9999999999982,500.0,0.0,0.0,0.0,1.0,1.0,1.0,1.0,NBA Finals Thunder vs Pacers
73,2025-06-06 03:35:46+00:00,180.0,180.0,180.0,180.0,179.99999999999818,180.0,0.0,0.0,0.0,1.0,1.0,1.0,1.0,NBA Finals Thunder vs Pacers
75,2025-06-06 07:24:32+00:00,337.769229,337.7692289999977,337.7692289999977,337.7692289999977,337.76922899999954,337.7692289999977,0.0,0.0,0.0,1.0,1.0,1.0,1.0,NBA Finals Thunder vs Pacers
76,2025-06-06 14:29:14+00:00,90.307691,90.3076910000018,90.3076910000018,90.3076910000018,90.30769099999998,90.3076910000018,0.0,0.0,0.0,1.0,1.0,1.0,1.0,NBA Finals Thunder vs Pacers
77,2025-06-06 17:12:25+00:00,120.307691,120.3076910000018,120.3076910000018,120.3076910000018,120.30769099999998,120.3076910000018,0.0,0.0,0.0,1.0,1.0,1.0,1.0,NBA Finals Thunder vs Pacers
84,2025-06-07 23:01:10+00:00,229.0,229.0,229.0,229.0,228.99999999999818,229.0,0.0,0.0,0.0,1.0,1.0,1.0,1.0,NBA Finals Thunder vs Pacers
87,2025-06-08 13:16:49+00:00,96.153845,96.15384500000073,96.15384500000073,96.15384500000073,96.15384499999891,96.15384500000073,0.0,0.0,0.0,1.0,1.0,1.0,1.0,NBA Finals Thunder vs Pacers
88,2025-06-08 22:28:10+00:00,50.0,50.0,50.0,50.0,49.99999999999818,50.0,0.0,0.0,0.0,1.0,1.0,1.0,1.0,NBA Finals Thunder vs Pacers
89,2025-06-08 22:46:30+00:00,2500.0,2499.9999999999927,2499.9999999999927,2500.0,2499.9999999999964,2500.0,7.275957614183426e-12,0.0,0.0,1.0,1.0,1.0,1.0,NBA Finals Thunder vs Pacers
91,2025-06-09 00:29:06+00:00,372.222221,372.22222100000363,372.22222100000363,372.22222100000363,372.222221,372.22222100000363,0.0,0.0,0.0,1.0,1.0,1.0,1.0,NBA Finals Thunder vs Pacers
92,2025-06-09 06:50:45+00:00,350.0,350.0,350.0,350.0,349.99999999999636,350.0,0.0,0.0,0.0,1.0,1.0,1.0,1.0,NBA Finals Thunder vs Pacers
93,2025-06-09 08:32:08+00:00,105.263156,105.26315600000089,105.26315600000089,105.26315600000089,105.26315599999725,105.26315600000089,0.0,0.0,0.0,1.0,1.0,1.0,1.0,NBA Finals Thunder vs Pacers
95,2025-06-10 18:37:34+00:00,526.315788,526.3157880000072,526.3157880000072,526.3157880000072,526.3157880000035,526.3157880000072,0.0,0.0,0.0,1.0,1.0,1.0,1.0,NBA Finals Thunder vs Pacers
96,2025-06-11 22:53:40+00:00,131.578946,131.57894599999418,131.57894599999418,131.57894599999418,131.5789459999978,131.57894599999418,0.0,0.0,0.0,1.0,1.0,1.0,1.0,NBA Finals Thunder vs Pacers
97,2025-06-12 03:37:57+00:00,57.142856,57.14285600000585,57.14285600000585,57.14285600000585,57.14285600000221,57.14285600000585,0.0,0.0,0.0,1.0,1.0,1.0,1.0,NBA Finals Thunder vs Pacers
98,2025-06-12 03:55:47+00:00,142.857141,142.8571410000004,142.8571410000004,142.8571410000004,142.85714099999677,142.8571410000004,0.0,0.0,0.0,1.0,1.0,1.0,1.0,NBA Finals Thunder vs Pacers
99,2025-06-12 04:07:55+00:00,142.857141,142.8571410000004,142.8571410000004,142.8571410000004,142.85714099999677,142.8571410000004,0.0,0.0,0.0,1.0,1.0,1.0,1.0,NBA Finals Thunder vs Pacers
101,2025-06-13 04:02:51+00:00,71.42857,71.42857000000367,71.42857000000367,71.42857000000367,71.42857000000004,71.42857000000367,0.0,0.0,0.0,1.0,1.0,1.0,1.0,NBA Finals Thunder vs Pacers
102,2025-06-13 04:03:51+00:00,57.142856,57.14285600000585,57.14285600000585,57.14285600000585,57.14285600000221,57.14285600000585,0.0,0.0,0.0,1.0,1.0,1.0,1.0,NBA Finals Thunder vs Pacers
104,2025-06-13 21:22:58+00:00,956.110856,956.1108559999993,956.1108559999993,956.1108559999993,956.110856000003,956.1108559999993,0.0,0.0,0.0,1.0,1.0,1.0,1.0,NBA Finals Thunder vs Pacers
117,2025-06-14 05:55:36+00:00,188.67,188.66999999999825,188.66999999999825,188.66999999999825,188.6700000000019,188.66999999999825,0.0,0.0,0.0,1.0,1.0,1.0,1.0,NBA Finals Thunder vs Pacers
120,2025-06-14 06:55:05+00:00,200.0,200.0,200.0,200.0,199.99999999999636,200.0,0.0,0.0,0.0,1.0,1.0,1.0,1.0,NBA Finals Thunder vs Pacers
121,2025-06-14 21:16:44+00:00,71.42857,71.42857000000367,71.42857000000367,71.42857000000367,71.42857000000004,71.42857000000367,0.0,0.0,0.0,1.0,1.0,1.0,1.0,NBA Finals Thunder vs Pacers
122,2025-06-15 00:41:07+00:00,112.0,112.0,112.0,112.0,111.99999999999636,112.0,0.0,0.0,0.0,1.0,1.0,1.0,1.0,NBA Finals Thunder vs Pacers
123,2025-06-15 00:45:11+00:00,128.0,128.0,128.0,128.0,127.99999999999636,128.0,0.0,0.0,0.0,1.0,1.0,1.0,1.0,NBA Finals Thunder vs Pacers
125,2025-06-16 16:57:59+00:00,240.0,240.0,240.0,240.0,239.99999999999636,240.0,0.0,0.0,0.0,1.0,1.0,1.0,1.0,NBA Finals Thunder vs Pacers
126,2025-06-16 21:13:32+00:00,1000.0,1000.0,1000.0,1000.0,999.9999999999964,1000.0,0.0,0.0,0.0,1.0,1.0,1.0,1.0,NBA Finals Thunder vs Pacers
127,2025-06-16 22:21:22+00:00,100.0,100.0,100.0,100.0,99.99999999999636,100.0,0.0,0.0,0.0,1.0,1.0,1.0,1.0,NBA Finals Thunder vs Pacers
128,2025-06-16 22:21:38+00:00,100.0,100.0,100.0,100.0,99.99999999999636,100.0,0.0,0.0,0.0,1.0,1.0,1.0,1.0,NBA Finals Thunder vs Pacers
129,2025-06-16 22:21:54+00:00,100.0,100.0,100.0,100.0,99.99999999999636,100.0,0.0,0.0,0.0,1.0,1.0,1.0,1.0,NBA Finals Thunder vs Pacers
130,2025-06-16 22:22:20+00:00,100.0,100.0,100.0,100.0,99.99999999999636,100.0,0.0,0.0,0.0,1.0,1.0,1.0,1.0,NBA Finals Thunder vs Pacers
134,2025-06-17 05:54:04+00:00,50.0,50.0,50.0,50.0,49.99999999999636,50.0,0.0,0.0,0.0,1.0,1.0,1.0,1.0,NBA Finals Thunder vs Pacers
135,2025-06-17 15:47:51+00:00,3664.56,3664.5599999999977,3664.5599999999977,3664.5599999999977,3664.5600000000013,3664.5599999999977,0.0,0.0,0.0,1.0,1.0,1.0,1.0,NBA Finals Thunder vs Pacers
139,2025-06-18 18:22:22+00:00,125.0,125.0,125.0,125.0,124.99999999999636,125.0,0.0,0.0,0.0,1.0,1.0,1.0,1.0,NBA Finals Thunder vs Pacers
140,2025-06-18 18:33:46+00:00,4380.0,4380.0,4380.0,4380.0,4379.999999999996,4380.0,0.0,0.0,0.0,1.0,1.0,1.0,1.0,NBA Finals Thunder vs Pacers
142,2025-06-19 06:35:12+00:00,183.0,183.0,183.0,183.0,182.99999999999636,183.0,0.0,0.0,0.0,1.0,1.0,1.0,1.0,NBA Finals Thunder vs Pacers
143,2025-06-19 13:30:07+00:00,150.0,150.0,150.0,150.0,149.99999999999636,150.0,0.0,0.0,0.0,1.0,1.0,1.0,1.0,NBA Finals Thunder vs Pacers
144,2025-06-19 13:49:19+00:00,154.0,154.0,154.0,154.0,153.99999999999636,154.0,0.0,0.0,0.0,1.0,1.0,1.0,1.0,NBA Finals Thunder vs Pacers
145,2025-06-19 14:07:13+00:00,159.375,159.375,159.375,159.375,159.37499999999636,159.375,0.0,0.0,0.0,1.0,1.0,1.0,1.0,NBA Finals Thunder vs Pacers
146,2025-06-19 14:47:42+00:00,95.375,95.375,95.375,95.375,95.37499999999636,95.375,0.0,0.0,0.0,1.0,1.0,1.0,1.0,NBA Finals Thunder vs Pacers
148,2025-06-19 21:25:32+00:00,1000.0,1000.0,1000.0,1000.0,999.9999999999964,1000.0,0.0,0.0,0.0,1.0,1.0,1.0,1.0,NBA Finals Thunder vs Pacers
149,2025-06-19 21:32:34+00:00,300.0,300.0,300.0,300.0,299.99999999999636,300.0,0.0,0.0,0.0,1.0,1.0,1.0,1.0,NBA Finals Thunder vs Pacers
150,2025-06-19 21:50:12+00:00,250.0,250.0,250.0,250.0,249.99999999999636,250.0,0.0,0.0,0.0,1.0,1.0,1.0,1.0,NBA Finals Thunder vs Pacers
151,2025-06-19 22:42:50+00:00,787.4,787.3999999999942,787.3999999999942,787.3999999999942,787.3999999999978,787.3999999999942,0.0,0.0,0.0,1.0,1.0,1.0,1.0,NBA Finals Thunder vs Pacers
152,2025-06-19 22:54:26+00:00,222.222221,222.22222100000363,222.22222100000363,222.22222100000363,222.222221,222.22222100000363,0.0,0.0,0.0,1.0,1.0,1.0,1.0,NBA Finals Thunder vs Pacers
153,2025-06-20 00:15:12+00:00,1096.666665,1096.666664999997,1096.666664999997,1096.666664999997,1096.6666650000006,1096.666664999997,0.0,0.0,0.0,1.0,1.0,1.0,1.0,NBA Finals Thunder vs Pacers
154,2025-06-20 00:24:28+00:00,1000.0,1000.0,1000.0,1000.0,999.9999999999964,1000.0,0.0,0.0,0.0,1.0,1.0,1.0,1.0,NBA Finals Thunder vs Pacers
156,2025-06-20 00:38:24+00:00,220.0,220.0,220.0,220.0,219.99999999999636,220.0,0.0,0.0,0.0,1.0,1.0,1.0,1.0,NBA Finals Thunder vs Pacers
157,2025-06-20 00:56:34+00:00,200.0,200.0,200.0,200.0,199.99999999999636,200.0,0.0,0.0,0.0,1.0,1.0,1.0,1.0,NBA Finals Thunder vs Pacers
158,2025-06-20 01:01:00+00:00,52.0,52.0,52.0,52.0,51.99999999999636,52.0,0.0,0.0,0.0,1.0,1.0,1.0,1.0,NBA Finals Thunder vs Pacers
159,2025-06-20 01:01:16+00:00,100.0,100.0,100.0,100.0,99.99999999999636,100.0,0.0,0.0,0.0,1.0,1.0,1.0,1.0,NBA Finals Thunder vs Pacers
160,2025-06-20 01:01:22+00:00,128.0,128.0,128.0,128.0,127.99999999999636,128.0,0.0,0.0,0.0,1.0,1.0,1.0,1.0,NBA Finals Thunder vs Pacers
161,2025-06-20 01:01:22+00:00,302.0,302.0,302.0,302.0,301.99999999999636,302.0,0.0,0.0,0.0,1.0,1.0,1.0,1.0,NBA Finals Thunder vs Pacers
162,2025-06-20 01:01:34+00:00,500.0,500.0,500.0,500.0,499.99999999999636,500.0,0.0,0.0,0.0,1.0,1.0,1.0,1.0,NBA Finals Thunder vs Pacers
164,2025-06-20 01:03:02+00:00,256.0,256.0,256.0,256.0,255.99999999999636,256.0,0.0,0.0,0.0,1.0,1.0,1.0,1.0,NBA Finals Thunder vs Pacers
165,2025-06-20 01:03:04+00:00,500.0,500.0,500.0,500.0,499.99999999999636,500.0,0.0,0.0,0.0,1.0,1.0,1.0,1.0,NBA Finals Thunder vs Pacers
166,2025-06-20 01:03:06+00:00,500.0,500.0,500.0,500.0,499.99999999999636,500.0,0.0,0.0,0.0,1.0,1.0,1.0,1.0,NBA Finals Thunder vs Pacers
167,2025-06-20 01:03:10+00:00,500.0,500.0,500.0,500.0,499.99999999999636,500.0,0.0,0.0,0.0,1.0,1.0,1.0,1.0,NBA Finals Thunder vs Pacers
168,2025-06-20 01:03:16+00:00,219.96,219.9600000000064,219.9600000000064,219.9600000000064,219.96000000000276,219.9600000000064,0.0,0.0,0.0,1.0,1.0,1.0,1.0,NBA Finals Thunder vs Pacers
171,2025-06-20 01:06:28+00:00,110.0,110.0,110.0,110.0,109.99999999999636,110.0,0.0,0.0,0.0,1.0,1.0,1.0,1.0,NBA Finals Thunder vs Pacers
176,2025-06-20 01:26:38+00:00,68.51,68.50999999999476,68.50999999999476,68.50999999999476,68.5099999999984,68.50999999999476,0.0,0.0,0.0,1.0,1.0,1.0,1.0,NBA Finals Thunder vs Pacers
179,2025-06-20 01:41:56+00:00,1000.0,1000.0,1000.0,1000.0,999.9999999999964,1000.0,0.0,0.0,0.0,1.0,1.0,1.0,1.0,NBA Finals Thunder vs Pacers
184,2025-06-20 01:43:38+00:00,1085.83,1085.8300000000017,1085.8300000000017,1085.8300000000017,1085.829999999998,1085.8300000000017,0.0,0.0,0.0,1.0,1.0,1.0,1.0,NBA Finals Thunder vs Pacers
185,2025-06-20 01:43:54+00:00,69.97,69.97000000000116,69.97000000000116,69.97000000000116,69.96999999999753,69.97000000000116,0.0,0.0,0.0,1.0,1.0,1.0,1.0,NBA Finals Thunder vs Pacers
186,2025-06-20 01:44:20+00:00,100.0,100.0,100.0,100.0,99.99999999999636,100.0,0.0,0.0,0.0,1.0,1.0,1.0,1.0,NBA Finals Thunder vs Pacers
187,2025-06-20 01:44:22+00:00,100.0,100.0,100.0,100.0,99.99999999999636,100.0,0.0,0.0,0.0,1.0,1.0,1.0,1.0,NBA Finals Thunder vs Pacers
189,2025-06-20 01:44:28+00:00,60.0,60.0,60.0,60.0,59.99999999999636,60.0,0.0,0.0,0.0,1.0,1.0,1.0,1.0,NBA Finals Thunder vs Pacers
190,2025-06-20 01:44:30+00:00,100.0,100.0,100.0,100.0,99.99999999999636,100.0,0.0,0.0,0.0,1.0,1.0,1.0,1.0,NBA Finals Thunder vs Pacers
191,2025-06-20 01:44:30+00:00,100.0,100.0,100.0,100.0,99.99999999999636,100.0,0.0,0.0,0.0,1.0,1.0,1.0,1.0,NBA Finals Thunder vs Pacers
192,2025-06-20 01:44:32+00:00,100.0,100.0,100.0,100.0,99.99999999999636,100.0,0.0,0.0,0.0,1.0,1.0,1.0,1.0,NBA Finals Thunder vs Pacers
193,2025-06-20 01:44:40+00:00,977.0,977.0,977.0,977.0,976.9999999999964,977.0,0.0,0.0,0.0,1.0,1.0,1.0,1.0,NBA Finals Thunder vs Pacers
194,2025-06-20 01:44:56+00:00,603.0,603.0,603.0,603.0,602.9999999999964,603.0,0.0,0.0,0.0,1.0,1.0,1.0,1.0,NBA Finals Thunder vs Pacers
201,2025-06-20 02:40:26+00:00,64.15,64.14999999999418,64.14999999999418,64.14999999999418,64.14999999999782,64.14999999999418,0.0,0.0,0.0,1.0,1.0,1.0,1.0,NBA Finals Thunder vs Pacers
205,2025-06-20 02:41:40+00:00,76.54,76.5399999999936,76.5399999999936,76.5399999999936,76.53999999999724,76.5399999999936,0.0,0.0,0.0,1.0,1.0,1.0,1.0,NBA Finals Thunder vs Pacers
209,2025-06-20 08:16:49+00:00,57.692306,57.69230599999719,57.69230599999719,57.69230599999719,57.692306000000826,57.69230599999719,0.0,0.0,0.0,1.0,1.0,1.0,1.0,NBA Finals Thunder vs Pacers
210,2025-06-20 12:39:47+00:00,188.461537,188.4615369999956,188.4615369999956,188.4615369999956,188.46153699999923,188.4615369999956,0.0,0.0,0.0,1.0,1.0,1.0,1.0,NBA Finals Thunder vs Pacers
211,2025-06-20 15:29:08+00:00,50.0,50.0,50.0,50.0,49.99999999999636,50.0,0.0,0.0,0.0,1.0,1.0,1.0,1.0,NBA Finals Thunder vs Pacers
213,2025-06-20 16:26:14+00:00,200.0,200.0,200.0,200.0,199.99999999999636,200.0,0.0,0.0,0.0,1.0,1.0,1.0,1.0,NBA Finals Thunder vs Pacers
214,2025-06-21 02:37:53+00:00,68.13,68.13000000000466,68.13000000000466,68.13000000000466,68.13000000000102,68.13000000000466,0.0,0.0,0.0,1.0,1.0,1.0,1.0,NBA Finals Thunder vs Pacers
216,2025-06-21 02:47:07+00:00,144.0,144.0,144.0,144.0,143.99999999999636,144.0,0.0,0.0,0.0,1.0,1.0,1.0,1.0,NBA Finals Thunder vs Pacers
217,2025-06-21 05:06:05+00:00,1679.073665,1679.0736650000035,1679.0736650000035,1679.073664999989,1679.073665,1679.0736650000035,0.0,7.275957614183426e-12,7.275957614183426e-12,1.0,1.0,1.0,1.0,NBA Finals Thunder vs Pacers
221,2025-06-21 08:29:49+00:00,83.0,83.0,83.0,83.0,82.99999999999636,83.0,0.0,0.0,0.0,1.0,1.0,1.0,1.0,NBA Finals Thunder vs Pacers
223,2025-06-22 01:39:27+00:00,139.0,139.0,139.0,139.0,138.99999999999636,139.0,0.0,0.0,0.0,1.0,1.0,1.0,1.0,NBA Finals Thunder vs Pacers
224,2025-06-22 06:11:52+00:00,103.333332,103.3333319999947,103.3333319999947,103.3333319999947,103.33333199999834,103.3333319999947,0.0,0.0,0.0,1.0,1.0,1.0,1.0,NBA Finals Thunder vs Pacers
225,2025-06-22 12:16:58+00:00,100.0,100.0,100.0,100.0,99.99999999999636,100.0,0.0,0.0,0.0,1.0,1.0,1.0,1.0,NBA Finals Thunder vs Pacers
226,2025-06-22 15:49:25+00:00,500.0,500.0000000000073,500.0000000000073,500.0,499.99999999999636,500.0,-7.275957614183426e-12,0.0,0.0,1.0,1.0,1.0,1.0,NBA Finals Thunder vs Pacers
228,2025-06-22 18:37:31+00:00,100.0,100.0,100.0,99.99999999999272,99.99999999998181,99.99999999997817,-2.1827872842550278e-11,-2.1827872842550278e-11,-2.1827872842550278e-11,1.0,1.0,1.0,1.0,NBA Finals Thunder vs Pacers
230,2025-06-22 19:57:03+00:00,229.0,228.99999999998545,228.99999999998545,228.99999999998545,228.9999999999891,228.99999999998545,0.0,0.0,0.0,1.0,1.0,1.0,1.0,NBA Finals Thunder vs Pacers
232,2025-06-22 23:30:49+00:00,99.462257,99.46225699999923,99.46225699999923,99.46225700001378,99.46225700001014,99.46225700001378,1.4551915228366852e-11,7.275957614183426e-12,7.275957614183426e-12,1.0,1.0,1.0,1.0,NBA Finals Thunder vs Pacers
233,2025-06-22 23:57:15+00:00,387.903224,387.9032240000088,387.9032240000088,387.9032240000015,387.90322400000514,387.90322400001605,7.275957614183426e-12,1.4551915228366852e-11,1.4551915228366852e-11,1.0,1.0,1.0,1.0,NBA Finals Thunder vs Pacers
234,2025-06-22 23:58:35+00:00,364.733332,364.7333319999889,364.7333319999889,364.7333319999889,364.7333319999925,364.7333319999889,0.0,-3.637978807091713e-12,-3.637978807091713e-12,1.0,1.0,1.0,1.0,NBA Finals Thunder vs Pacers
235,2025-06-23 00:05:51+00:00,906.4,906.4000000000087,906.4000000000087,906.3999999999942,906.4000000000015,906.3999999999942,-1.4551915228366852e-11,0.0,0.0,1.0,1.0,1.0,1.0,NBA Finals Thunder vs Pacers
237,2025-06-23 00:06:03+00:00,192.12,192.11999999999534,192.11999999999534,192.11999999999534,192.12000000000262,192.11999999999534,0.0,0.0,0.0,1.0,1.0,1.0,1.0,NBA Finals Thunder vs Pacers
238,2025-06-23 00:10:59+00:00,222.0,222.0,222.0,222.0,221.99999999999272,222.0,0.0,0.0,0.0,1.0,1.0,1.0,1.0,NBA Finals Thunder vs Pacers
239,2025-06-23 00:11:43+00:00,278.0,278.0,278.0,278.0,277.9999999999927,278.0,0.0,0.0,0.0,1.0,1.0,1.0,1.0,NBA Finals Thunder vs Pacers
240,2025-06-23 00:11:45+00:00,500.0,500.0,500.0,500.0,499.9999999999927,500.0,0.0,0.0,0.0,1.0,1.0,1.0,1.0,NBA Finals Thunder vs Pacers
243,2025-06-23 00:13:55+00:00,486.0,486.0,486.0,486.0,485.9999999999927,486.0,0.0,0.0,0.0,1.0,1.0,1.0,1.0,NBA Finals Thunder vs Pacers
244,2025-06-23 00:16:51+00:00,1000.0,1000.0,1000.0,1000.0,999.9999999999927,1000.0,0.0,0.0,0.0,1.0,1.0,1.0,1.0,NBA Finals Thunder vs Pacers
246,2025-06-23 00:16:55+00:00,1000.0,1000.0,1000.0,1000.0,999.9999999999927,1000.0,0.0,0.0,0.0,1.0,1.0,1.0,1.0,NBA Finals Thunder vs Pacers
247,2025-06-23 00:16:57+00:00,1000.0,1000.0,1000.0,1000.0,999.9999999999927,1000.0,0.0,0.0,0.0,1.0,1.0,1.0,1.0,NBA Finals Thunder vs Pacers
248,2025-06-23 00:17:03+00:00,1000.0,1000.0,1000.0,1000.0,999.9999999999927,1000.0,0.0,0.0,0.0,1.0,1.0,1.0,1.0,NBA Finals Thunder vs Pacers
249,2025-06-23 00:17:05+00:00,1000.0,1000.0,1000.0,1000.0,999.9999999999927,1000.0,0.0,0.0,0.0,1.0,1.0,1.0,1.0,NBA Finals Thunder vs Pacers
250,2025-06-23 00:17:07+00:00,1000.0,1000.0,1000.0,1000.0,999.9999999999927,1000.0,0.0,0.0,0.0,1.0,1.0,1.0,1.0,NBA Finals Thunder vs Pacers
251,2025-06-23 00:17:13+00:00,1000.0,1000.0,1000.0,1000.0,999.9999999999927,1000.0,0.0,0.0,0.0,1.0,1.0,1.0,1.0,NBA Finals Thunder vs Pacers
252,2025-06-23 00:17:15+00:00,1000.0,1000.0,1000.0,1000.0,999.9999999999927,1000.0,0.0,0.0,0.0,1.0,1.0,1.0,1.0,NBA Finals Thunder vs Pacers
253,2025-06-23 00:17:23+00:00,1000.0,1000.0,1000.0,1000.0,999.9999999999927,1000.0,0.0,0.0,0.0,1.0,1.0,1.0,1.0,NBA Finals Thunder vs Pacers
255,2025-06-23 00:19:07+00:00,1000.0,1000.0,1000.0,1000.0,999.9999999999927,1000.0,0.0,0.0,0.0,1.0,1.0,1.0,1.0,NBA Finals Thunder vs Pacers
256,2025-06-23 00:19:09+00:00,1000.0,1000.0,1000.0,1000.0,999.9999999999927,1000.0,0.0,0.0,0.0,1.0,1.0,1.0,1.0,NBA Finals Thunder vs Pacers
257,2025-06-23 00:19:11+00:00,1000.0,1000.0,1000.0,1000.0,999.9999999999927,1000.0,0.0,0.0,0.0,1.0,1.0,1.0,1.0,NBA Finals Thunder vs Pacers
258,2025-06-23 00:19:13+00:00,1000.0,1000.0,1000.0,1000.0,999.9999999999927,1000.0,0.0,0.0,0.0,1.0,1.0,1.0,1.0,NBA Finals Thunder vs Pacers
259,2025-06-23 00:19:13+00:00,1000.0,1000.0,1000.0,1000.0,999.9999999999927,1000.0,0.0,0.0,0.0,1.0,1.0,1.0,1.0,NBA Finals Thunder vs Pacers
260,2025-06-23 00:19:13+00:00,100.0,100.0,100.0,100.0,99.99999999999272,100.0,0.0,0.0,0.0,1.0,1.0,1.0,1.0,NBA Finals Thunder vs Pacers
261,2025-06-23 00:19:29+00:00,346.0,346.0,346.0,346.0,345.9999999999927,346.0,0.0,0.0,0.0,1.0,1.0,1.0,1.0,NBA Finals Thunder vs Pacers
262,2025-06-23 00:21:15+00:00,80.0,80.0,80.0,80.0,79.99999999999272,80.0,0.0,0.0,0.0,1.0,1.0,1.0,1.0,NBA Finals Thunder vs Pacers
263,2025-06-23 00:22:43+00:00,260.0,260.0,260.0,260.0,259.9999999999927,260.0,0.0,0.0,0.0,1.0,1.0,1.0,1.0,NBA Finals Thunder vs Pacers
264,2025-06-23 00:22:57+00:00,239.91,239.9100000000035,239.9100000000035,239.9100000000035,239.90999999999622,239.9100000000035,0.0,0.0,0.0,1.0,1.0,1.0,1.0,NBA Finals Thunder vs Pacers
266,2025-06-23 00:25:23+00:00,395.0,395.0,395.0,395.0,394.9999999999927,395.0,0.0,0.0,0.0,1.0,1.0,1.0,1.0,NBA Finals Thunder vs Pacers
268,2025-06-23 00:32:11+00:00,100.0,100.0,100.0,100.0,99.99999999999272,100.0,0.0,0.0,0.0,1.0,1.0,1.0,1.0,NBA Finals Thunder vs Pacers
269,2025-06-23 00:34:53+00:00,9791.15,9791.149999999994,9791.149999999994,9791.149999999994,9791.150000000001,9791.149999999994,0.0,0.0,0.0,1.0,1.0,1.0,1.0,NBA Finals Thunder vs Pacers
271,2025-06-23 00:40:47+00:00,80.0,80.0,80.0,80.0,79.99999999999272,80.0,0.0,0.0,0.0,1.0,1.0,1.0,1.0,NBA Finals Thunder vs Pacers
272,2025-06-23 00:51:27+00:00,53.846152,53.84615200001281,53.84615200001281,53.84615200001281,53.84615200000553,53.84615200001281,0.0,0.0,0.0,1.0,1.0,1.0,1.0,NBA Finals Thunder vs Pacers
274,2025-06-23 00:56:07+00:00,100.0,100.0,100.0,100.0,99.99999999999272,100.0,0.0,0.0,0.0,1.0,1.0,1.0,1.0,NBA Finals Thunder vs Pacers
275,2025-06-23 00:56:35+00:00,52.0,52.0,52.0,52.0,51.999999999992724,52.0,0.0,0.0,0.0,1.0,1.0,1.0,1.0,NBA Finals Thunder vs Pacers
277,2025-06-23 00:56:41+00:00,453.0,453.0,453.0,453.0,452.9999999999927,453.0,0.0,0.0,0.0,1.0,1.0,1.0,1.0,NBA Finals Thunder vs Pacers
280,2025-06-23 00:58:33+00:00,539.0,539.0,539.0,539.0,538.9999999999927,539.0,0.0,0.0,0.0,1.0,1.0,1.0,1.0,NBA Finals Thunder vs Pacers
281,2025-06-23 01:01:31+00:00,1000.0,1000.0,1000.0,1000.0,999.9999999999927,1000.0,0.0,0.0,0.0,1.0,1.0,1.0,1.0,NBA Finals Thunder vs Pacers
282,2025-06-23 01:01:33+00:00,660.0,660.0,660.0,660.0,659.9999999999927,660.0,0.0,0.0,0.0,1.0,1.0,1.0,1.0,NBA Finals Thunder vs Pacers
283,2025-06-23 01:06:09+00:00,1000.0,1000.0,1000.0,1000.0,999.9999999999927,1000.0,0.0,0.0,0.0,1.0,1.0,1.0,1.0,NBA Finals Thunder vs Pacers
284,2025-06-23 01:06:11+00:00,2930.0,2930.0,2930.0,2930.0,2929.9999999999927,2930.0,0.0,0.0,0.0,1.0,1.0,1.0,1.0,NBA Finals Thunder vs Pacers
285,2025-06-23 01:06:11+00:00,1000.0,1000.0,1000.0,1000.0,999.9999999999927,1000.0,0.0,0.0,0.0,1.0,1.0,1.0,1.0,NBA Finals Thunder vs Pacers
286,2025-06-23 01:10:31+00:00,1000.0,1000.0,1000.0,1000.0,999.9999999999927,1000.0,0.0,0.0,0.0,1.0,1.0,1.0,1.0,NBA Finals Thunder vs Pacers
287,2025-06-23 01:10:37+00:00,1000.0,1000.0,1000.0,1000.0,999.9999999999927,1000.0,0.0,0.0,0.0,1.0,1.0,1.0,1.0,NBA Finals Thunder vs Pacers
288,2025-06-23 01:10:39+00:00,1000.0,1000.0,1000.0,1000.0,999.9999999999927,1000.0,0.0,0.0,0.0,1.0,1.0,1.0,1.0,NBA Finals Thunder vs Pacers
289,2025-06-23 01:10:45+00:00,1000.0,1000.0,1000.0,1000.0,999.9999999999927,1000.0,0.0,0.0,0.0,1.0,1.0,1.0,1.0,NBA Finals Thunder vs Pacers
290,2025-06-23 01:16:53+00:00,1000.0,1000.0,1000.0,1000.0,999.9999999999927,1000.0,0.0,0.0,0.0,1.0,1.0,1.0,1.0,NBA Finals Thunder vs Pacers
291,2025-06-23 01:19:23+00:00,1000.0,1000.0,1000.0,1000.0,999.9999999999927,1000.0,0.0,0.0,0.0,1.0,1.0,1.0,1.0,NBA Finals Thunder vs Pacers
292,2025-06-23 01:23:25+00:00,1000.0,1000.0,1000.0,1000.0,999.9999999999927,1000.0,0.0,0.0,0.0,1.0,1.0,1.0,1.0,NBA Finals Thunder vs Pacers
293,2025-06-23 01:23:25+00:00,1000.0,1000.0,1000.0,1000.0,999.9999999999927,1000.0,0.0,0.0,0.0,1.0,1.0,1.0,1.0,NBA Finals Thunder vs Pacers
295,2025-06-23 01:34:03+00:00,1000.0,1000.0,1000.0,1000.0,999.9999999999927,1000.0,0.0,0.0,0.0,1.0,1.0,1.0,1.0,NBA Finals Thunder vs Pacers
296,2025-06-23 01:34:03+00:00,1000.0,1000.0,1000.0,1000.0,999.9999999999927,1000.0,0.0,0.0,0.0,1.0,1.0,1.0,1.0,NBA Finals Thunder vs Pacers
297,2025-06-23 01:34:09+00:00,1000.0,1000.0,1000.0,1000.0,999.9999999999927,1000.0,0.0,0.0,0.0,1.0,1.0,1.0,1.0,NBA Finals Thunder vs Pacers
298,2025-06-23 01:34:11+00:00,1000.0,1000.0,1000.0,1000.0,999.9999999999927,1000.0,0.0,0.0,0.0,1.0,1.0,1.0,1.0,NBA Finals Thunder vs Pacers
299,2025-06-23 01:34:11+00:00,1000.0,1000.0,1000.0,1000.0,999.9999999999927,1000.0,0.0,0.0,0.0,1.0,1.0,1.0,1.0,NBA Finals Thunder vs Pacers
300,2025-06-23 01:34:13+00:00,1000.0,1000.0,1000.0,1000.0,999.9999999999927,1000.0,0.0,0.0,0.0,1.0,1.0,1.0,1.0,NBA Finals Thunder vs Pacers
301,2025-06-23 01:34:13+00:00,1200.0,1200.0,1200.0,1200.0,1199.9999999999927,1200.0,0.0,0.0,0.0,1.0,1.0,1.0,1.0,NBA Finals Thunder vs Pacers
302,2025-06-23 01:34:19+00:00,1000.0,1000.0,1000.0,1000.0,999.9999999999927,1000.0,0.0,0.0,0.0,1.0,1.0,1.0,1.0,NBA Finals Thunder vs Pacers
303,2025-06-23 01:34:19+00:00,1000.0,1000.0,1000.0,1000.0,999.9999999999927,1000.0,0.0,0.0,0.0,1.0,1.0,1.0,1.0,NBA Finals Thunder vs Pacers
304,2025-06-23 01:34:19+00:00,1000.0,1000.0,1000.0,1000.0,999.9999999999927,1000.0,0.0,0.0,0.0,1.0,1.0,1.0,1.0,NBA Finals Thunder vs Pacers
305,2025-06-23 01:40:33+00:00,1000.0,1000.0,1000.0,1000.0,999.9999999999927,1000.0,0.0,0.0,0.0,1.0,1.0,1.0,1.0,NBA Finals Thunder vs Pacers
306,2025-06-23 01:46:23+00:00,1000.0,1000.0,1000.0,1000.0,999.9999999999927,1000.0,0.0,0.0,0.0,1.0,1.0,1.0,1.0,NBA Finals Thunder vs Pacers
307,2025-06-23 01:46:23+00:00,1000.0,1000.0,1000.0,1000.0,999.9999999999927,1000.0,0.0,0.0,0.0,1.0,1.0,1.0,1.0,NBA Finals Thunder vs Pacers
308,2025-06-23 01:46:25+00:00,200.0,200.0,200.0,200.0,199.99999999999272,200.0,0.0,0.0,0.0,1.0,1.0,1.0,1.0,NBA Finals Thunder vs Pacers
309,2025-06-23 01:46:25+00:00,1000.0,1000.0,1000.0,1000.0,999.9999999999927,1000.0,0.0,0.0,0.0,1.0,1.0,1.0,1.0,NBA Finals Thunder vs Pacers
310,2025-06-23 01:46:29+00:00,1220.0,1220.0,1220.0,1220.0,1219.9999999999927,1220.0,0.0,0.0,0.0,1.0,1.0,1.0,1.0,NBA Finals Thunder vs Pacers
311,2025-06-23 01:49:19+00:00,71.42857,71.42856999998912,71.42856999998912,71.42856999998912,71.4285699999964,71.42856999998912,0.0,0.0,0.0,1.0,1.0,1.0,1.0,NBA Finals Thunder vs Pacers
313,2025-06-23 01:50:25+00:00,500.0,500.0,500.0,500.0,499.9999999999927,500.0,0.0,0.0,0.0,1.0,1.0,1.0,1.0,NBA Finals Thunder vs Pacers
315,2025-06-23 02:01:33+00:00,125.0,125.0,125.0,125.0,124.99999999999272,125.0,0.0,0.0,0.0,1.0,1.0,1.0,1.0,NBA Finals Thunder vs Pacers
316,2025-06-23 02:12:17+00:00,100.0,100.0,100.0,100.0,99.99999999999272,100.0,0.0,0.0,0.0,1.0,1.0,1.0,1.0,NBA Finals Thunder vs Pacers
317,2025-06-23 02:25:17+00:00,2888.571427,2888.5714270000026,2888.5714270000026,2888.5714270000026,2888.5714269999808,2888.5714269999735,-2.9103830456733704e-11,-2.1827872842550278e-11,-2.1827872842550278e-11,1.0,1.0,1.0,1.0,NBA Finals Thunder vs Pacers
318,2025-06-23 02:29:21+00:00,1271.666665,1271.6666650000261,1271.6666650000261,1271.6666650000116,1271.6666650000188,1271.6666650000116,-1.4551915228366852e-11,7.275957614183426e-12,7.275957614183426e-12,1.0,1.0,1.0,1.0,NBA Finals Thunder vs Pacers
0,2026-02-09 03:29:03+00:00,4800.0,4800.000000000001,4800.000000000001,4800.000000000001,8253.843807842637,8221.110813096086,3421.1108130960847,3453.809978485504,3.4538099784855016,0.0009999999999999994,0.9999323389922457,0.9999999954174055,0.9366308972174578,NFL SEA vs NE
2,2026-02-09 04:20:55+00:00,2190.0,2189.999999999999,2189.999999999999,2189.999999999999,2222.003447917983,2221.5896576484456,31.58965764844652,31.61530329749894,29.631804388782353,0.9372614303253102,0.9992141769154512,0.9999901572840533,0.9991629272375738,NFL SEA vs NE
3,2026-02-09 04:20:59+00:00,2190.0,2189.999999999999,2189.999999999999,2189.999999999999,2190.4134693059777,2190.4082883395977,0.40828833959858457,0.40829262214629125,0.40795085151319305,0.9991629272375738,0.9999895153634586,0.9999998686761672,0.9999895067984524,NFL SEA vs NE
4,2026-02-09 04:21:03+00:00,2190.0,2189.999999999999,2189.999999999999,2189.999999999998,2190.005180912739,2190.0051160196144,0.005116019615343248,0.005116020288369327,0.00511596660493732,0.9999895067984524,0.9999998685688876,0.9999999983537782,0.9999998685675429,NFL SEA vs NE
5,2026-02-09 04:21:27+00:00,2190.0,2189.999999999998,2189.999999999998,2189.999999999998,2190.0000648931127,2190.0000640803028,6.408030458260328e-05,6.408030367310857e-05,6.40802952508768e-05,0.9999998685675429,0.9999999983537613,0.9999999999793803,0.9999999983537611,NFL SEA vs NE
6,2026-02-09 04:21:31+00:00,2190.0,2189.999999999998,2189.999999999998,2189.999999999998,2190.000000812809,2190.0000008026273,8.026290743146092e-07,8.026290743146092e-07,8.0262907299329e-07,0.9999999983537611,0.9999999999793803,0.9999999999997418,0.9999999999793803,NFL SEA vs NE
7,2026-02-09 04:21:35+00:00,2190.0,2189.999999999998,2189.999999999998,2189.999999999998,2190.00000001018,2190.000000010048,1.0049916454590857e-08,1.005082594929263e-08,1.0050825949085385e-08,0.9999999999793803,0.9999999999997418,0.9999999999999967,0.9999999999997418,NFL SEA vs NE
8,2026-02-09 04:21:39+00:00,2190.0,2190.0,2190.0,2190.0,2190.000000000129,2190.000000000131,1.3096723705530167e-10,1.3096723705530167e-10,1.3096723705526786e-10,0.9999999999997418,0.9999999999999967,1.0,0.9999999999999967,NFL SEA vs NE
9,2026-02-09 04:21:59+00:00,2190.0,2190.0,2190.0,2190.0,2189.999999999998,2190.0,0.0,0.0,0.0,0.9999999999999967,1.0,1.0,1.0,NFL SEA vs NE
10,2026-02-09 04:22:03+00:00,2190.0,2190.0,2190.0,2190.0,2189.999999999998,2190.0,0.0,0.0,0.0,1.0,1.0,1.0,1.0,NFL SEA vs NE
11,2026-02-09 04:22:07+00:00,2190.0,2190.0,2190.0,2190.0,2189.999999999998,2190.0,0.0,0.0,0.0,1.0,1.0,1.0,1.0,NFL SEA vs NE
12,2026-02-09 04:22:27+00:00,2190.0,2190.0,2190.0,2190.0,2189.999999999998,2190.0,0.0,0.0,0.0,1.0,1.0,1.0,1.0,NFL SEA vs NE
13,2026-02-09 04:22:31+00:00,2170.0,2170.0,2170.0,2170.0,2169.999999999998,2170.0,0.0,0.0,0.0,1.0,1.0,1.0,1.0,NFL SEA vs NE
14,2026-02-09 04:23:23+00:00,2190.0,2190.0,2190.0,2190.0,2189.999999999998,2190.0,0.0,0.0,0.0,1.0,1.0,1.0,1.0,NFL SEA vs NE
15,2026-02-09 04:23:43+00:00,2190.0,2190.0,2190.0,2190.0,2189.999999999998,2190.0,0.0,1.8189894035458565e-12,1.8189894035458565e-12,1.0,1.0,1.0,1.0,NFL SEA vs NE
16,2026-02-09 04:23:45+00:00,2190.0,2190.0,2190.0,2190.0,2189.9999999999964,2190.0,0.0,0.0,0.0,1.0,1.0,1.0,1.0,NFL SEA vs NE
17,2026-02-09 04:23:47+00:00,2190.0,2190.0,2190.0,2190.0,2189.9999999999964,2190.0,0.0,0.0,0.0,1.0,1.0,1.0,1.0,NFL SEA vs NE
18,2026-02-09 04:24:23+00:00,2190.0,2190.0,2190.0,2190.0,2189.9999999999964,2190.0,0.0,0.0,0.0,1.0,1.0,1.0,1.0,NFL SEA vs NE
19,2026-02-09 04:24:25+00:00,2190.0,2190.0,2190.0,2190.0,2189.9999999999964,2190.0,0.0,0.0,0.0,1.0,1.0,1.0,1.0,NFL SEA vs NE
20,2026-02-09 04:24:55+00:00,1320.0,1320.0,1320.0,1320.0,1319.9999999999964,1320.0,0.0,0.0,0.0,1.0,1.0,1.0,1.0,NFL SEA vs NE
21,2026-02-09 04:25:01+00:00,1070.0,1070.0,1070.0,1070.0,1069.9999999999964,1070.0,0.0,0.0,0.0,1.0,1.0,1.0,1.0,NFL SEA vs NE
22,2026-02-09 04:25:09+00:00,2190.0,2190.0,2190.0,2190.0,2189.9999999999964,2190.0,0.0,0.0,0.0,1.0,1.0,1.0,1.0,NFL SEA vs NE
23,2026-02-09 04:25:11+00:00,2170.0,2170.0,2170.0,2170.0,2169.9999999999964,2170.0,0.0,0.0,0.0,1.0,1.0,1.0,1.0,NFL SEA vs NE
24,2026-02-09 04:25:15+00:00,2190.0,2190.0,2190.0,2190.0,2189.9999999999964,2190.0,0.0,0.0,0.0,1.0,1.0,1.0,1.0,NFL SEA vs NE
26,2026-02-09 04:34:49+00:00,1390.0,1390.0,1390.0,1390.0,1389.9999999999964,1390.0,0.0,0.0,0.0,1.0,1.0,1.0,1.0,NFL SEA vs NE
27,2026-02-09 04:44:47+00:00,40000.0,40000.0,40000.0,40000.000000000015,40000.0,40000.0,0.0,0.0,0.0,1.0,1.0,1.0,1.0,NFL SEA vs NE
28,2026-02-09 04:45:53+00:00,40000.0,40000.0,40000.0,40000.0,39999.999999999985,40000.0,0.0,0.0,0.0,1.0,1.0,1.0,1.0,NFL SEA vs NE
29,2026-02-09 04:53:33+00:00,2030.0,2030.0,2030.0,2030.0,2029.9999999999854,2030.0,0.0,0.0,0.0,1.0,1.0,1.0,1.0,NFL SEA vs NE
30,2026-02-09 04:53:35+00:00,1110.0,1110.0,1110.0,1110.0,1109.9999999999854,1110.0,0.0,0.0,0.0,1.0,1.0,1.0,1.0,NFL SEA vs NE
31,2026-02-09 05:04:15+00:00,2050.0,2050.0,2050.0,2050.0,2049.9999999999854,2050.0,0.0,0.0,0.0,1.0,1.0,1.0,1.0,NFL SEA vs NE
33,2026-02-09 05:15:09+00:00,1240.0,1240.0,1240.0,1240.0,1239.9999999999854,1240.0,0.0,0.0,0.0,1.0,1.0,1.0,1.0,NFL SEA vs NE
34,2026-02-09 05:20:01+00:00,9300.0,9300.0,9300.0,9300.0,9299.999999999985,9300.0,0.0,0.0,0.0,1.0,1.0,1.0,1.0,NFL SEA vs NE
35,2026-02-09 05:23:03+00:00,9300.0,9300.0,9300.0,9300.0,9299.999999999985,9300.0,0.0,0.0,0.0,1.0,1.0,1.0,1.0,NFL SEA vs NE
36,2026-02-09 05:27:39+00:00,1670.0,1670.0,1670.0,1670.0,1669.9999999999854,1670.0,0.0,0.0,0.0,1.0,1.0,1.0,1.0,NFL SEA vs NE
37,2026-02-09 05:34:53+00:00,9590.0,9590.0,9590.0,9590.0,9589.999999999985,9590.0,0.0,0.0,0.0,1.0,1.0,1.0,1.0,NFL SEA vs NE
38,2026-02-09 05:34:55+00:00,1270.0,1270.0,1270.0,1270.0,1269.9999999999854,1270.0,0.0,0.0,0.0,1.0,1.0,1.0,1.0,NFL SEA vs NE
39,2026-02-09 05:39:41+00:00,1850.0,1850.0,1850.0,1850.0,1849.9999999999854,1850.0,0.0,0.0,0.0,1.0,1.0,1.0,1.0,NFL SEA vs NE
40,2026-02-09 05:39:57+00:00,1850.0,1850.0,1850.0,1850.0,1849.9999999999854,1850.0,0.0,0.0,0.0,1.0,1.0,1.0,1.0,NFL SEA vs NE
41,2026-02-09 05:40:01+00:00,1850.0,1850.0,1850.0,1850.0,1849.9999999999854,1850.0,0.0,0.0,0.0,1.0,1.0,1.0,1.0,NFL SEA vs NE
42,2026-02-09 05:40:03+00:00,1850.0,1850.0,1850.0,1850.0,1849.9999999999854,1850.0,0.0,0.0,0.0,1.0,1.0,1.0,1.0,NFL SEA vs NE
43,2026-02-09 05:40:09+00:00,1220.0,1220.0,1220.0,1220.0,1219.9999999999854,1220.0,0.0,0.0,0.0,1.0,1.0,1.0,1.0,NFL SEA vs NE
44,2026-02-09 05:40:11+00:00,2060.0,2060.0,2060.0,2060.0,2059.9999999999854,2060.0,0.0,0.0,0.0,1.0,1.0,1.0,1.0,NFL SEA vs NE
4,2025-10-22 04:44:58+00:00,50.724635,50.72463499999981,50.72463499999981,50.72463499999992,67.12371140583997,52.283467182232926,1.5588321822331181,2.0308558293297665,1.5092465129198287,0.7431578801031474,0.7679362063131887,0.7903240934082677,0.7672115803099313,World Series Winner
5,2025-10-22 22:22:54+00:00,144.927535,144.92753500000003,144.92753500000003,144.92753500000003,181.71506116904465,153.93257853857472,9.005043538574682,10.925687703842641,8.382314129237898,0.7672115803099313,0.8257876598268225,0.869624358853321,0.8226216559854298,World Series Winner
6,2025-10-23 21:59:23+00:00,1410.23,1410.2299999999996,1410.2299999999996,1410.23,1502.5473594898858,1496.5429199184182,86.31291991841863,87.32018069134074,71.83147164125766,0.8226216559854298,0.989432058959999,0.9993703776047445,0.987440833116172,World Series Winner
8,2025-10-24 10:19:41+00:00,300.0,299.99999999999955,299.99999999999955,299.99999999999955,302.8528666434579,301.28516528954515,1.2851652895456027,1.294070816173189,1.2778647340889284,0.9874766652012251,0.9931270481397311,0.9962280440447703,0.9931093596585123,World Series Winner
10,2025-10-24 20:27:36+00:00,142.114283,142.1142829999999,142.1142829999999,142.11428300000034,142.96939069456607,142.32570514581494,0.2114221458150496,0.2125213394670027,0.21106110939937095,0.9931290190844178,0.9948289368146497,0.9961082857316275,0.9948267497977489,World Series Winner
14,2025-10-26 02:49:25+00:00,400.0,400.0,400.0,399.99999999999955,401.29783645651764,400.71426413935524,0.7142641393552367,0.7157760577988483,0.7124136242327982,0.9953023944718264,0.9978892297741945,0.9990515698009494,0.9978862123244941,World Series Winner
15,2025-10-26 11:16:07+00:00,426.0,426.0,426.0,426.0,426.60697942312504,426.34797557557795,0.3479755755779479,0.34828972354625876,0.3475535130211213,0.9978862123244941,0.9990983407076257,0.9996153873499474,0.9990977129783941,World Series Winner
16,2025-10-28 00:48:11+00:00,629.47,629.4699999999998,629.4699999999998,629.4699999999993,629.7932263581629,629.7014234187864,0.23142341878656225,0.23148274042614503,0.23127387655373274,0.9990977129783941,0.999743791215839,0.9999272482707726,0.9997436726029659,World Series Winner
17,2025-10-28 10:31:51+00:00,436.0,436.0,436.0,436.0,436.07459015686754,436.0434015783276,0.04340157832757541,0.04340623055759352,0.043395104351499625,0.9997436726029659,0.9998928258027836,0.9999551889158871,0.9998928164993214,World Series Winner
18,2025-10-28 10:44:59+00:00,288.24,288.2400000000007,288.2400000000007,288.2400000000007,288.26348197539437,288.25028795917206,0.010287959171364491,0.01028857879282441,0.010287476026932387,0.9998928164993214,0.9999397765190535,0.9999661620712671,0.9999397752798873,World Series Winner
19,2025-10-28 10:48:45+00:00,108.0,108.0,108.0,108.0,108.00585008663393,108.0011364599568,0.001136459956796898,0.0011365151058271294,0.0011364466595229772,0.9999397752798873,0.9999514748169598,0.9999609015469945,0.9999514747066658,World Series Winner
20,2025-10-28 11:16:11+00:00,400.0,400.0,400.0,400.0,400.01336120661426,400.0073575853139,0.007357585313911841,0.007357745742410771,0.007357388705640342,0.9999514747066658,0.9999781961802127,0.9999902029122412,0.9999781958593633,World Series Winner
21,2025-10-28 11:24:07+00:00,400.0,400.0,400.0,400.0,400.00600354921653,400.003305971748,0.00330597174797731,0.003306004138721619,0.003305932054142433,0.9999781958593633,0.9999902027680742,0.9999955978199276,0.9999902027032953,World Series Winner
29,2025-10-31 20:53:32+00:00,58.823528,58.823528000000806,58.823528000000806,58.823528000000806,58.82395753028641,58.82357567364943,4.7673648623458575e-05,4.7673976951045915e-05,4.767360795880459e-05,0.9999922600910408,0.9999931191453325,0.999993882852989,0.9999931191446764,World Series Winner
31,2025-11-01 01:00:56+00:00,2428.72,2428.7200000000003,2428.7200000000003,2428.720000000001,2428.7232186912397,2428.723193680802,0.0031936808018144802,0.003193680960976053,0.003193660241096665,0.9999935122262864,0.999999949587724,0.9999999996082789,0.999999949587402,World Series Winner
32,2025-11-01 01:01:02+00:00,2250.0,2249.9999999999964,2249.9999999999964,2250.0,2250.000024926282,2250.0000246493764,2.4649380065966398e-05,2.4649378246976994e-05,2.4649377004337797e-05,0.999999949587402,0.9999999994399666,0.9999999999937785,0.9999999994399666,World Series Winner
33,2025-11-01 03:17:12+00:00,100.0,100.0,100.0,100.0,100.00000005075617,100.00000000920045,9.200448403134942e-09,9.200448403134942e-09,9.200448397982384e-09,0.9999999994399666,0.9999999995414834,0.9999999996245983,0.9999999995414834,World Series Winner
34,2025-11-01 04:05:52+00:00,151.6,151.60000000000036,151.60000000000036,151.60000000000036,151.60000005996244,151.6000000156837,1.5683326637372375e-08,1.5683326637372375e-08,1.568332663018131e-08,0.9999999995414834,0.9999999996614077,0.9999999997499662,0.9999999996614077,World Series Winner
35,2025-11-01 05:58:56+00:00,100.0,99.99999999999818,99.99999999999818,100.0,100.00000003068726,100.00000000556247,5.564288585446775e-09,5.564288585446775e-09,5.5642885835627495e-09,0.9999999996614077,0.9999999997227842,0.9999999997730349,0.9999999997227842,World Series Winner
48,2025-11-02 03:44:26+00:00,103.98,103.98000000000138,103.98000000000138,103.97999999999956,103.98000001531454,103.98000000287539,2.8740032576024532e-09,2.8721842681989074e-09,2.872184267730304e-09,0.9999999998368478,0.9999999998674813,0.9999999998923632,0.9999999998674813,World Series Winner
49,2025-11-02 04:00:14+00:00,100.0,99.99999999999818,99.99999999999818,100.0,100.00000001200988,100.00000000217551,2.17733031604439e-09,2.17733031604439e-09,2.1773303157558535e-09,0.9999999998674813,0.999999999891503,0.9999999999111702,0.999999999891503,World Series Winner
50,2025-11-02 04:06:44+00:00,52.01,52.01000000000204,52.01000000000204,52.01000000000022,52.01000000535987,52.01000000053136,5.293259164318442e-10,5.311449058353901e-10,5.311449057777625e-10,0.999999999891503,0.9999999999022218,0.9999999999118814,0.9999999999022218,World Series Winner
52,2025-11-02 04:17:58+00:00,63.29,63.29000000000087,63.29000000000087,63.29000000000087,63.29000000551878,63.29000000065753,6.566551746800542e-10,6.584741640836e-10,6.58474164022478e-10,0.9999999999071763,0.9999999999182125,0.9999999999279368,0.9999999999182125,World Series Winner
53,2025-11-02 04:18:20+00:00,107.15,107.15000000000146,107.15000000000146,107.14999999999964,107.15000000789132,107.15000000152759,1.5261321095749736e-09,1.5261321095749736e-09,1.5261321094501551e-09,0.9999999999182125,0.9999999999339888,0.999999999946722,0.9999999999339888,World Series Winner
55,2025-11-02 04:20:16+00:00,145.09,145.09000000000015,145.09000000000015,145.09000000000015,145.09000000789,145.0900000019883,1.988155418075621e-09,1.9863364286720753e-09,1.986336428547599e-09,0.9999999999373337,0.9999999999531175,0.9999999999649258,0.9999999999531175,World Series Winner
