market,b,front_run_multiplier,min_victim_size_usd,attacks_simulated,profitable_attacks,avg_attacker_profit,total_attacker_profit,max_attacker_profit,avg_shares_lost,total_shares_lost,avg_expected_value_lost,total_expected_value_lost,avg_price_impact,max_price_impact
NBA Finals Thunder vs Pacers,100.0,0.25,25.0,219,31,0.05160413558785342,11.301305693739899,5.93826008494495,0.07215885493510382,15.802789230787738,0.03915657946873961,8.575290903653974,0.0006987083321689955,0.06960907410642453
NBA Finals Thunder vs Pacers,100.0,0.25,50.0,187,25,0.022307358972162374,4.171476127794364,2.521572221267178,0.026205159858731116,4.900364893582719,0.019702501347062477,3.684367751900683,0.000316774129890159,0.04289617331192441
NBA Finals Thunder vs Pacers,100.0,0.25,100.0,158,11,0.01017991339994594,1.6084263171914586,1.6084153701703485,0.010179921487426465,1.6084275950133815,0.010003216120962026,1.580508147112,0.00010084586849459119,0.015933483457254205
NBA Finals Thunder vs Pacers,100.0,0.25,200.0,114,5,0.014108907477851505,1.6084154524750716,1.6084153701703485,0.014108918684186983,1.608416729997316,0.013864011246514565,1.5804972821026604,0.00013976740597108344,0.015933483457254205
NBA Finals Thunder vs Pacers,100.0,0.5,25.0,219,31,0.0872588339034409,19.109684624853557,10.099030362541924,0.1246945157857447,27.308098957078087,0.06578216312805694,14.40629372504447,0.0012882657008406603,0.1311233904585009
NBA Finals Thunder vs Pacers,100.0,0.5,50.0,187,24,0.03402143837232941,6.362008975625599,4.5411282914488424,0.041134000731912534,7.692058136867644,0.029495329306030358,5.515626580227677,0.000528313921625942,0.0807519133924296
NBA Finals Thunder vs Pacers,100.0,0.5,100.0,158,11,0.011008351099807042,1.7393194737695126,1.7393002479298616,0.011008359850934481,1.7393208564476481,0.010817275076684509,1.7091294621161524,0.00010912450226259632,0.01724138342491688
NBA Finals Thunder vs Pacers,100.0,0.5,200.0,114,10,0.015257020442345592,1.7393003304273975,1.7393002479298616,0.015257032571290645,1.7393017131271336,0.014992195779013257,1.7091103188075112,0.00015124021271486313,0.01724138342491688
NBA Finals Thunder vs Pacers,100.0,1.0,25.0,219,31,0.13894572668117502,30.42911414317733,15.488244016446473,0.20225764370889918,44.29442397224892,0.10513346537940198,23.024228918089033,0.0023095390342278317,0.23352360336593941
NBA Finals Thunder vs Pacers,100.0,1.0,50.0,187,20,0.05040369513514064,9.4254909902713,7.536176905039355,0.062442314024778206,11.676712722633525,0.04314611181081155,8.06832290862176,0.0008682269285058161,0.14364156677696815
NBA Finals Thunder vs Pacers,100.0,1.0,100.0,158,16,0.01108194826489108,1.7509478258527906,1.7509175479665373,0.011081957074797854,1.7509492178180608,0.010889595988854271,1.7205561662389748,0.00010986081432589534,0.01735755495262492
NBA Finals Thunder vs Pacers,100.0,1.0,200.0,114,7,0.015358926582328087,1.750917630385402,1.7509175479665373,0.015358938790343831,1.7509190220991968,0.015092333074902273,1.7205259705388591,0.00015225926120436965,0.01735755495262492
NBA Finals Thunder vs Pacers,100.0,2.0,25.0,219,31,0.20022312911744586,43.848865276720645,20.9082094168526,0.29562143959512943,64.74109527133335,0.15307015267532262,33.522363435895656,0.0038135999288376726,0.3759439905388235
NBA Finals Thunder vs Pacers,100.0,2.0,50.0,187,21,0.06972476853256493,13.038531715589642,11.08028220249841,0.08784864156497113,16.4276959726496,0.05939810688421675,11.107445987348532,0.0013377423696196466,0.23076458103635888
NBA Finals Thunder vs Pacers,100.0,2.0,100.0,158,20,0.011082510670614939,1.7510366859571604,1.7509963475336008,0.011082519479766918,1.751038077803173,0.010890149736625247,1.720643658386789,0.00010986675713771606,0.017358342984400532
NBA Finals Thunder vs Pacers,100.0,2.0,200.0,114,9,0.015359617806708277,1.7509964299647436,1.7509963475336008,0.01535963001744054,1.7509978219882214,0.015093012303481259,1.7206034025968635,0.00015226617376381068,0.017358342984400532
NBA Finals Thunder vs Pacers,100.0,5.0,25.0,219,30,0.2625461725908551,57.49761179739727,25.514232467183206,0.3916641763634644,85.7744546235987,0.203191810319567,44.499006459985175,0.005742683117392913,0.5480827516364879
NBA Finals Thunder vs Pacers,100.0,5.0,50.0,187,19,0.08897734005950574,16.638762591127573,14.609441682894015,0.11345236324753087,21.215591927288273,0.07577864510713091,14.17060663503348,0.0018994007049576885,0.3350978982744883
NBA Finals Thunder vs Pacers,100.0,5.0,100.0,158,18,0.011082541362037474,1.7510415352019209,1.7509963511120077,0.011082550172609099,1.7510429272722376,0.010890180429055067,1.7206485077907006,0.00010986721760868121,0.0173583430201788
NBA Finals Thunder vs Pacers,100.0,5.0,200.0,114,13,0.01535961783838502,1.7509964335758923,1.7509963511120077,0.01535963004874032,1.7509978255563965,0.015093012334236206,1.7206034061029274,0.00015226617407765515,0.0173583430201788
NBA Finals Thunder vs Pacers,250.0,0.25,25.0,219,17,0.09034781938714631,19.78617244578504,28.031187625445398,0.20381880965036242,44.63631931342937,0.13844580810297322,30.319631974551136,0.0008604104881907688,0.1016541521912071
NBA Finals Thunder vs Pacers,250.0,0.25,50.0,187,15,0.17252957049660236,32.26302968286464,29.463079670988975,0.18542696156968252,34.674841813530634,0.14381751328489603,26.893874984275556,0.0007198160858706053,0.10624461402970609
NBA Finals Thunder vs Pacers,250.0,0.25,100.0,158,10,0.18483017625238868,29.20316784787741,29.10733201887905,0.1854275422326161,29.297551672753343,0.1546948603596226,24.441787936820372,0.0006695472292700168,0.10510901830955943
NBA Finals Thunder vs Pacers,250.0,0.25,200.0,114,9,0.25579645730428724,29.160796132688745,29.10733201887905,0.2566238160454719,29.2551150291838,0.21403028332203258,24.399452298711715,0.0009238846577182303,0.10510901830955943
NBA Finals Thunder vs Pacers,250.0,0.5,25.0,219,19,0.08435103550941404,18.472876776561677,36.05093181671754,0.29827320990857614,65.32183296997817,0.19441059329659216,42.575919931953685,0.001363337458047577,0.13392664826842726
NBA Finals Thunder vs Pacers,250.0,0.5,50.0,187,13,0.24075150162078768,45.0205308030873,39.857314213017276,0.2646515972991874,49.48984869494805,0.20034439958234496,37.46440272189851,0.0010794640884328897,0.14667297316102001
NBA Finals Thunder vs Pacers,250.0,0.5,100.0,158,11,0.24763336957137824,39.12607239227776,38.98586958478512,0.24845014007351154,39.255122131614826,0.20728414360782493,32.75089469003634,0.0009172188572842523,0.14377646522735898
NBA Finals Thunder vs Pacers,250.0,0.5,200.0,114,8,0.342479204066421,39.042629263571996,38.98586958478512,0.3436100509804056,39.17154581176624,0.2865572416980515,32.667525553577875,0.0012631884051741856,0.14377646522735898
NBA Finals Thunder vs Pacers,250.0,1.0,25.0,219,20,0.10919679237639911,23.914097530431405,40.66767231142467,0.41443956470777965,90.76226467100375,0.25265898410223797,55.33231751839011,0.002119753664035012,0.1524948874945523
NBA Finals Thunder vs Pacers,250.0,1.0,50.0,187,15,0.2914970579716069,54.509949840690496,45.51576236697292,0.3334096645252402,62.34760726621991,0.24206885281687798,45.266875476756184,0.001464809635051501,0.16902205821395377
NBA Finals Thunder vs Pacers,250.0,1.0,100.0,158,10,0.2785933950919824,44.01775642453322,43.80697510187315,0.27952096235265894,44.16431205172012,0.23326176166398457,36.85535834290956,0.0010452353225070474,0.1632344938716629
NBA Finals Thunder vs Pacers,250.0,1.0,200.0,114,9,0.3847795126309269,43.86486443992567,43.80697510187315,0.3860629008054195,44.011170691817824,0.3219526740836593,36.70260484553716,0.0014339124952430786,0.1632344938716629
NBA Finals Thunder vs Pacers,250.0,2.0,25.0,219,18,0.15970221802103127,34.974785746605846,42.93716972176526,0.560344455618516,122.71543578045501,0.31978452386142175,70.03281072565136,0.0033464698748600337,0.22390768600059863
NBA Finals Thunder vs Pacers,250.0,2.0,50.0,187,17,0.32962285007427033,61.63947296388855,47.334334444326714,0.39718777759617324,74.2741144104844,0.273369504944117,51.120097424549876,0.0019573336878038424,0.18538602541020965
NBA Finals Thunder vs Pacers,250.0,2.0,100.0,158,15,0.2838487830097755,44.84810771554453,44.53921159074571,0.28479428267596385,44.99749666280229,0.23776006165905939,37.56608974213138,0.0010709917082604454,0.16622423791560148
NBA Finals Thunder vs Pacers,250.0,2.0,200.0,114,9,0.39120412949233596,44.5972707621263,44.53921159074571,0.3925109451960903,44.74624775235429,0.32732878456038256,37.31548143988361,0.001460144277874269,0.16622423791560148
NBA Finals Thunder vs Pacers,250.0,5.0,25.0,219,25,0.24104076042492548,52.78792653305868,45.80264698731571,0.774362276547855,169.58533856398026,0.4211279317238837,92.22701704753052,0.005878001130348267,0.4304108299099284
NBA Finals Thunder vs Pacers,250.0,5.0,50.0,187,14,0.37486725447459923,70.10017658675005,48.78442211561105,0.4836258308892853,90.43803037629635,0.3136699825276926,58.65628673267852,0.0029089724342785694,0.3554547875057491
NBA Finals Thunder vs Pacers,250.0,5.0,100.0,158,13,0.2847371916201382,44.98847627598184,44.55285183795149,0.2856843545620021,45.13812802079633,0.2386336318055408,37.70411382527545,0.0010802027564033188,0.16628001830489592
NBA Finals Thunder vs Pacers,250.0,5.0,200.0,114,11,0.3913238085751481,44.61091417756688,44.55285183795149,0.39263106134505205,44.75994099333593,0.3274289324020815,37.32689829383729,0.0014606336906745941,0.16628001830489592
NBA Finals Thunder vs Pacers,500.0,0.25,25.0,219,25,0.279685944859253,61.251221924176406,77.84408411348466,0.4743182855486166,103.87570453514704,0.30256297100917423,66.26129065100916,0.0009446814177997088,0.13264597451405635
NBA Finals Thunder vs Pacers,500.0,0.25,50.0,187,19,0.3979469875574343,74.41608667324022,80.15657744205669,0.5148780740538853,96.28219984807654,0.34115682696031613,63.796326641579114,0.0009178354937817,0.13552025153340663
NBA Finals Thunder vs Pacers,500.0,0.25,100.0,158,15,0.5678881434230946,89.72632666084894,82.96523312662487,0.5968103328301407,94.29603258716224,0.400495400477953,63.278273275516575,0.0009923826397376901,0.13895096303447585
NBA Finals Thunder vs Pacers,500.0,0.25,200.0,114,11,0.7817487727003762,89.11936008784289,82.96523312662487,0.8216631271076367,93.66959649027058,0.5497933843631868,62.67644581740329,0.0013260023423849348,0.13895096303447585
NBA Finals Thunder vs Pacers,500.0,0.5,25.0,219,24,0.3322389996773418,72.76034092933784,111.16956268405625,0.6988023028121451,153.03770431585977,0.44541124400728016,97.54506243759435,0.0015438734226621259,0.2032825246993356
NBA Finals Thunder vs Pacers,500.0,0.5,50.0,187,21,0.541900591347537,101.33541058198941,117.54064229214362,0.7614657615279168,142.39409740572043,0.5044677371668694,94.33546685020458,0.0014713845140820383,0.21234197637603125
NBA Finals Thunder vs Pacers,500.0,0.5,100.0,158,15,0.8503710512800612,134.35862610224967,125.4103502928067,0.8962644321582335,141.6097802810009,0.5987426233621669,94.60133449122236,0.0015845680652214155,0.22322898231148225
NBA Finals Thunder vs Pacers,500.0,0.5,200.0,114,11,1.1672627269261249,133.06795086957823,125.4103502928067,1.2304733913450379,140.27396661333432,0.8186199455503695,93.32267379274212,0.0020914877385400546,0.22322898231148225
NBA Finals Thunder vs Pacers,500.0,1.0,25.0,219,27,0.31585349018421344,69.17191435034275,135.01257160045452,0.9071489640270618,198.66562312192653,0.5742770504854509,125.76667405631375,0.002304470234984159,0.26243640977240057
NBA Finals Thunder vs Pacers,500.0,1.0,50.0,187,21,0.5564906938322353,104.063759746628,143.6400199700422,0.9590590497833827,179.34404230949258,0.6382861209458297,119.35950461687015,0.002058447185189843,0.276292409240359
NBA Finals Thunder vs Pacers,500.0,1.0,100.0,158,20,1.0975646810333557,173.4152196032702,162.36497824048422,1.1597264365522908,183.23677697526193,0.7734108430875809,122.19891320783779,0.002192279621014217,0.30535033557750013
NBA Finals Thunder vs Pacers,500.0,1.0,200.0,114,12,1.4981010247434203,170.78351682074992,162.36497824048422,1.583382849249225,180.50564481441165,1.0490678268327942,119.59373225893854,0.0028250363980867315,0.30535033557750013
NBA Finals Thunder vs Pacers,500.0,2.0,25.0,219,28,0.35840585835753036,78.49088298029915,147.79550560707503,1.104290562795156,241.83963325213915,0.6814694214641613,149.24180330065133,0.0033344287951394998,0.2943371801808069
NBA Finals Thunder vs Pacers,500.0,2.0,50.0,187,22,0.42610666344717374,79.68194606462148,148.17589975184546,1.0579081671521373,197.8288272574497,0.7025656679887471,131.3797799138957,0.002578945102602446,0.29498445546022534
NBA Finals Thunder vs Pacers,500.0,2.0,100.0,158,20,1.2224556613737596,193.14799449705401,179.55976181892493,1.29304707151076,204.30143729870008,0.8647300961695382,136.62735519478704,0.0025899823670224925,0.3466750097292758
NBA Finals Thunder vs Pacers,500.0,2.0,200.0,114,14,1.6515734325811329,188.27937131424915,179.55976181892493,1.7477351351065293,199.24180540214434,1.1562241641783582,131.80955471633283,0.0031927300333517536,0.3466750097292758
NBA Finals Thunder vs Pacers,500.0,5.0,25.0,219,28,0.27126193834861717,59.40636449834716,143.53764336174572,1.3219632439951476,289.5099504349373,0.7846747430272227,171.84376872296178,0.005370336587415388,0.2885991506163377
NBA Finals Thunder vs Pacers,500.0,5.0,50.0,187,22,0.46357224301795485,86.68800944435756,150.42634269250811,1.2107840872369129,226.41662431330272,0.7766290497611662,145.22963230533807,0.0036236943290393372,0.3004744446094255
NBA Finals Thunder vs Pacers,500.0,5.0,100.0,158,21,1.2651974899346632,199.90120340967678,182.16736562563983,1.3380462134677824,211.41130172790963,0.9021478865640478,142.53936607711955,0.002879904016692081,0.35312701764522925
NBA Finals Thunder vs Pacers,500.0,5.0,200.0,114,16,1.6748509861646805,190.93301242277357,182.16736562563983,1.7726979618309517,202.0875676487285,1.1725002356253715,133.66502686129235,0.003250120823306922,0.35312701764522925
NBA Finals Thunder vs Pacers,1000.0,0.25,25.0,219,35,0.6413996041490866,140.46651330864995,117.79163970510547,1.0430739311275457,228.43319091693252,0.6449253448605202,141.23865052445393,0.0010302427316803335,0.10858346740641345
NBA Finals Thunder vs Pacers,1000.0,0.25,50.0,187,34,0.9930261598344987,185.69589188905127,125.13773976443042,1.2512022989945832,233.97482991198706,0.7686583915397125,143.73911921792623,0.0011142563172027154,0.11242447491211915
NBA Finals Thunder vs Pacers,1000.0,0.25,100.0,158,29,1.2759848455466345,201.60560559636826,127.94002146542459,1.484113457014584,234.48992620830427,0.9105774067591262,143.87123026794194,0.001240076246176702,0.11383860072178242
NBA Finals Thunder vs Pacers,1000.0,0.25,200.0,114,22,1.7512361374648564,199.64091967099364,127.94002146542459,2.036834516459509,232.19913487638405,1.2453922775577586,141.97471964158447,0.001595755306306628,0.11383860072178242
NBA Finals Thunder vs Pacers,1000.0,0.5,25.0,219,40,0.8280812771074151,181.3497996865239,177.51023624497816,1.5562889764511851,340.82728584280954,0.970228928969545,212.48013544433036,0.0017289667193095299,0.18423204587698927
NBA Finals Thunder vs Pacers,1000.0,0.5,50.0,187,32,1.5020292017518027,280.8794607275871,197.82132502575269,1.9559970184353694,365.7714424474141,1.1913652323681592,222.78529845284578,0.001903036842933036,0.19749654331059358
NBA Finals Thunder vs Pacers,1000.0,0.5,100.0,158,32,2.00329191695406,316.5201228787415,205.9043805967534,2.3571884348723957,372.4357727098385,1.4236638569261157,224.93888939432628,0.002116198772072646,0.20249619210765946
NBA Finals Thunder vs Pacers,1000.0,0.5,200.0,114,24,2.738084976286739,312.14168729668825,205.9043805967534,3.2217840243458675,367.2833787754289,1.9364239085613142,220.75232557598983,0.002669568469485255,0.20249619210765946
NBA Finals Thunder vs Pacers,1000.0,1.0,25.0,219,42,0.9507548983972273,208.21532274899278,238.3538750823261,2.060047385976507,451.1503775288551,1.2868642804062942,281.8232774089784,0.0026830783877716756,0.2806933765635543
NBA Finals Thunder vs Pacers,1000.0,1.0,50.0,187,38,1.9107346913229772,357.30738727739674,272.564703084034,2.6516719581704304,495.86265617787046,1.6045651850021438,300.0536895954009,0.002943088470372917,0.3094504759214398
NBA Finals Thunder vs Pacers,1000.0,1.0,100.0,158,30,2.752841689758563,434.94898698185295,292.58015975255023,3.290299434977959,519.8673107265175,1.9471090022602457,307.6432223571188,0.003272667211881855,0.32531634109601437
NBA Finals Thunder vs Pacers,1000.0,1.0,200.0,114,24,3.7310989738964677,425.34528302419733,292.58015975255023,4.459799778968904,508.41717480245507,2.618837604865611,298.54748695467964,0.003974664094839091,0.32531634109601437
NBA Finals Thunder vs Pacers,1000.0,2.0,25.0,219,42,1.0037349036204204,219.81794389287205,282.7754357199374,2.4725900023246514,541.4972105090986,1.5425017569515094,337.80788477238053,0.00391343913665902,0.36725965773398306
NBA Finals Thunder vs Pacers,1000.0,2.0,50.0,187,38,1.9455420425310797,363.8163619533119,316.9604842236299,3.073862002842015,574.8121945314568,1.8814665732507616,351.8342491978924,0.004050064228376835,0.40264680112754747
NBA Finals Thunder vs Pacers,1000.0,2.0,100.0,158,31,3.327320418933909,525.7166261915577,360.0347142979067,4.031116565505561,636.9164173498788,2.3536317899091346,371.8738228056433,0.00452842910607447,0.44499353486235427
NBA Finals Thunder vs Pacers,1000.0,2.0,200.0,114,24,4.4397639009321015,506.1330847062595,360.0347142979067,5.37961518151658,613.2761306928901,3.1004641901865977,353.45291768127214,0.005136483891675603,0.44499353486235427
NBA Finals Thunder vs Pacers,1000.0,5.0,25.0,219,43,0.6921403200654281,151.57873009432876,283.8922963699533,2.6988949514245055,591.0579943619667,1.7052325484090207,373.44592810157553,0.005920666934944907,0.3899548513970029
NBA Finals Thunder vs Pacers,1000.0,5.0,50.0,187,42,0.9672830290548535,180.8819264332576,290.7948617377815,2.9252047538727473,547.0132889742038,1.8950946622447657,354.3827018397712,0.005122238467256343,0.3981036753058623
NBA Finals Thunder vs Pacers,1000.0,5.0,100.0,158,34,3.702413897341995,584.9813957800352,391.9302493806099,4.514109750966803,713.2293406527549,2.6447379155277804,417.8685906533893,0.005973563302675229,0.5111752375695314
NBA Finals Thunder vs Pacers,1000.0,5.0,200.0,114,28,4.7682049061847085,543.5753593050567,391.9302493806099,5.81486246559363,662.8943210776738,3.325014576089808,379.0516616742381,0.005763799697615164,0.5111752375695314
NFL SEA vs NE,100.0,0.25,25.0,43,3,16.06453288580231,690.7749140894994,690.7749140895157,16.06453288580155,690.7749140894666,0.01606453288466054,0.6907749140404031,0.02323241539376416,0.9989938619318589
NFL SEA vs NE,100.0,0.25,50.0,42,3,16.4470217640357,690.7749140894994,690.7749140895157,16.44702176403492,690.7749140894666,0.01644702176286674,0.6907749140404031,0.023785568141234736,0.9989938619318589
NFL SEA vs NE,100.0,0.25,100.0,42,3,16.4470217640357,690.7749140894994,690.7749140895157,16.44702176403492,690.7749140894666,0.01644702176286674,0.6907749140404031,0.023785568141234736,0.9989938619318589
NFL SEA vs NE,100.0,0.25,200.0,42,3,16.4470217640357,690.7749140894994,690.7749140895157,16.44702176403492,690.7749140894666,0.01644702176286674,0.6907749140404031,0.023785568141234736,0.9989938619318589
NFL SEA vs NE,100.0,0.5,25.0,43,4,16.064547160336197,690.7755278944564,690.7755278944428,16.06454716033646,690.7755278944678,0.016064547160928103,0.6907755279199084,0.02323255813865782,0.9989999999622864
NFL SEA vs NE,100.0,0.5,50.0,42,4,16.44703637843944,690.7755278944564,690.7755278944428,16.44703637843971,690.7755278944678,0.01644703637904544,0.6907755279199084,0.023785714284816344,0.9989999999622864
NFL SEA vs NE,100.0,0.5,100.0,42,4,16.44703637843944,690.7755278944564,690.7755278944428,16.44703637843971,690.7755278944678,0.01644703637904544,0.6907755279199084,0.023785714284816344,0.9989999999622864
NFL SEA vs NE,100.0,0.5,200.0,42,4,16.44703637843944,690.7755278944564,690.7755278944428,16.44703637843971,690.7755278944678,0.01644703637904544,0.6907755279199084,0.023785714284816344,0.9989999999622864
NFL SEA vs NE,100.0,1.0,25.0,43,6,16.064547160423434,690.7755278982077,690.775527898214,16.064547160423583,690.775527898214,0.016064547160402454,0.6907755278973056,0.023232558139534884,0.999
NFL SEA vs NE,100.0,1.0,50.0,42,6,16.447036378528754,690.7755278982077,690.775527898214,16.447036378528907,690.775527898214,0.016447036378507276,0.6907755278973056,0.023785714285714285,0.999
NFL SEA vs NE,100.0,1.0,100.0,42,6,16.447036378528754,690.7755278982077,690.775527898214,16.447036378528907,690.775527898214,0.016447036378507276,0.6907755278973056,0.023785714285714285,0.999
NFL SEA vs NE,100.0,1.0,200.0,42,6,16.447036378528754,690.7755278982077,690.775527898214,16.447036378528907,690.775527898214,0.016447036378507276,0.6907755278973056,0.023785714285714285,0.999
NFL SEA vs NE,100.0,2.0,25.0,43,5,16.064547160423476,690.7755278982095,690.7755278982131,16.064547160424027,690.7755278982331,0.016064547160888887,0.6907755279182222,0.023232558139534884,0.999
NFL SEA vs NE,100.0,2.0,50.0,42,5,16.447036378528797,690.7755278982095,690.7755278982131,16.44703637852936,690.7755278982331,0.01644703637900529,0.6907755279182222,0.023785714285714285,0.999
NFL SEA vs NE,100.0,2.0,100.0,42,5,16.447036378528797,690.7755278982095,690.7755278982131,16.44703637852936,690.7755278982331,0.01644703637900529,0.6907755279182222,0.023785714285714285,0.999
NFL SEA vs NE,100.0,2.0,200.0,42,5,16.447036378528797,690.7755278982095,690.7755278982131,16.44703637852936,690.7755278982331,0.01644703637900529,0.6907755279182222,0.023785714285714285,0.999
NFL SEA vs NE,100.0,5.0,25.0,43,5,16.064547160423096,690.7755278981931,690.7755278982113,16.06454716042367,690.7755278982177,0.01606454716048706,0.6907755279009435,0.023232558139534884,0.999
NFL SEA vs NE,100.0,5.0,50.0,42,5,16.447036378528406,690.7755278981931,690.7755278982113,16.447036378528992,690.7755278982177,0.016447036378593894,0.6907755279009435,0.023785714285714285,0.999
NFL SEA vs NE,100.0,5.0,100.0,42,5,16.447036378528406,690.7755278981931,690.7755278982113,16.447036378528992,690.7755278982177,0.016447036378593894,0.6907755279009435,0.023785714285714285,0.999
NFL SEA vs NE,100.0,5.0,200.0,42,5,16.447036378528406,690.7755278981931,690.7755278982113,16.447036378528992,690.7755278982177,0.016447036378593894,0.6907755279009435,0.023785714285714285,0.999
NFL SEA vs NE,250.0,0.25,25.0,43,6,40.11336738419203,1724.8747975202573,1724.8738084366028,40.113393781434645,1724.8759326016898,0.04013637262229785,1.7258640227588073,0.023041452084734227,0.990778482698029
NFL SEA vs NE,250.0,0.25,50.0,42,6,41.06844756000613,1724.8747975202573,1724.8738084366028,41.068474585754515,1724.8759326016898,0.04109200054187637,1.7258640227588073,0.02359005808675171,0.990778482698029
NFL SEA vs NE,250.0,0.25,100.0,42,6,41.06844756000613,1724.8747975202573,1724.8738084366028,41.068474585754515,1724.8759326016898,0.04109200054187637,1.7258640227588073,0.02359005808675171,0.990778482698029
NFL SEA vs NE,250.0,0.25,200.0,42,6,41.06844756000613,1724.8747975202573,1724.8738084366028,41.068474585754515,1724.8759326016898,0.04109200054187637,1.7258640227588073,0.02359005808675171,0.990778482698029
NFL SEA vs NE,250.0,0.5,25.0,43,5,40.16097365518722,1726.9218671730505,1726.9207583528946,40.16100026967251,1726.923011595918,0.04018676088297728,1.7280307179680228,0.023231087789739188,0.9989323389922456
NFL SEA vs NE,250.0,0.5,50.0,42,5,41.11718731364406,1726.9218671730505,1726.9207583528946,41.11721456180757,1726.923011595918,0.04114358852304816,1.7280307179680228,0.02378420892759012,0.9989323389922456
NFL SEA vs NE,250.0,0.5,100.0,42,5,41.11718731364406,1726.9218671730505,1726.9207583528946,41.11721456180757,1726.923011595918,0.04114358852304816,1.7280307179680228,0.02378420892759012,0.9989323389922456
NFL SEA vs NE,250.0,0.5,200.0,42,5,41.11718731364406,1726.9218671730505,1726.9207583528946,41.11721456180757,1726.923011595918,0.04114358852304816,1.7280307179680228,0.02378420892759012,0.9989323389922456
NFL SEA vs NE,250.0,1.0,25.0,43,7,40.16136734275261,1726.9387957383624,1726.9376729538735,40.16139395903983,1726.9399402387126,0.04018747899743306,1.7280615968896216,0.023232662494184108,0.9989999954174055
NFL SEA vs NE,250.0,1.0,50.0,42,7,41.117590374722916,1726.9387957383624,1726.9376729538735,41.11761762473125,1726.9399402387126,0.041144323735467184,1.7280615968896216,0.023785821124998014,0.9989999954174055
NFL SEA vs NE,250.0,1.0,100.0,42,7,41.117590374722916,1726.9387957383624,1726.9376729538735,41.11761762473125,1726.9399402387126,0.041144323735467184,1.7280615968896216,0.023785821124998014,0.9989999954174055
NFL SEA vs NE,250.0,1.0,200.0,42,7,41.117590374722916,1726.9387957383624,1726.9376729538735,41.11761762473125,1726.9399402387126,0.041144323735467184,1.7280615968896216,0.023785821124998014,0.9989999954174055
NFL SEA vs NE,250.0,2.0,25.0,43,8,40.161367373492475,1726.9387970601765,1726.9376740995176,40.16139398977967,1726.9399415605258,0.04018748312082374,1.728061774195421,0.023232662617144906,0.999
NFL SEA vs NE,250.0,2.0,50.0,42,8,41.11759040619468,1726.9387970601765,1726.9376740995176,41.117617656202995,1726.9399415605258,0.041144327957033835,1.728061774195421,0.023785821250886453,0.999
NFL SEA vs NE,250.0,2.0,100.0,42,8,41.11759040619468,1726.9387970601765,1726.9376740995176,41.117617656202995,1726.9399415605258,0.041144327957033835,1.728061774195421,0.023785821250886453,0.999
NFL SEA vs NE,250.0,2.0,200.0,42,8,41.11759040619468,1726.9387970601765,1726.9376740995176,41.117617656202995,1726.9399415605258,0.041144327957033835,1.728061774195421,0.023785821250886453,0.999
NFL SEA vs NE,250.0,5.0,25.0,43,7,40.16136737349235,1726.938797060171,1726.9376740995176,40.16139398978098,1726.9399415605822,0.04018748312213511,1.7280617742518096,0.02323266261714748,0.999
NFL SEA vs NE,250.0,5.0,50.0,42,7,41.11759040619455,1726.938797060171,1726.9376740995176,41.11761765620434,1726.9399415605822,0.04114432795837642,1.7280617742518096,0.023785821250889086,0.999
NFL SEA vs NE,250.0,5.0,100.0,42,7,41.11759040619455,1726.938797060171,1726.9376740995176,41.11761765620434,1726.9399415605822,0.04114432795837642,1.7280617742518096,0.023785821250889086,0.999
NFL SEA vs NE,250.0,5.0,200.0,42,7,41.11759040619455,1726.938797060171,1726.9376740995176,41.11761765620434,1726.9399415605822,0.04114432795837642,1.7280617742518096,0.023785821250889086,0.999
NFL SEA vs NE,500.0,0.25,25.0,43,10,78.98552223786784,3396.377456228317,3376.525239881935,79.6793810038531,3426.213383165683,0.5150458838427213,22.14697300523702,0.022024763309521852,0.9083727646638768
NFL SEA vs NE,500.0,0.25,50.0,42,10,80.86612991019803,3396.377456228317,3376.525239881935,81.57650912299245,3426.213383165683,0.5273088810770719,22.14697300523702,0.022549162435939036,0.9083727646638768
NFL SEA vs NE,500.0,0.25,100.0,42,10,80.86612991019803,3396.377456228317,3376.525239881935,81.57650912299245,3426.213383165683,0.5273088810770719,22.14697300523702,0.022549162435939036,0.9083727646638768
NFL SEA vs NE,500.0,0.25,200.0,42,10,80.86612991019803,3396.377456228317,3376.525239881935,81.57650912299245,3426.213383165683,0.5273088810770719,22.14697300523702,0.022549162435939036,0.9083727646638768
NFL SEA vs NE,500.0,0.5,25.0,43,9,80.13762258290393,3445.917771064869,3417.2755888608444,80.8925866388485,3478.3812254704853,0.705871583825033,30.352478104476422,0.02434446405386862,0.990778482698029
NFL SEA vs NE,500.0,0.5,50.0,42,9,82.04566121583022,3445.917771064869,3417.2755888608444,82.81860060644013,3478.3812254704853,0.7226780501065815,30.352478104476422,0.024924094150389303,0.990778482698029
NFL SEA vs NE,500.0,0.5,100.0,42,9,82.04566121583022,3445.917771064869,3417.2755888608444,82.81860060644013,3478.3812254704853,0.7226780501065815,30.352478104476422,0.024924094150389303,0.990778482698029
NFL SEA vs NE,500.0,0.5,200.0,42,9,82.04566121583022,3445.917771064869,3417.2755888608444,82.81860060644013,3478.3812254704853,0.7226780501065815,30.352478104476422,0.024924094150389303,0.990778482698029
NFL SEA vs NE,500.0,1.0,25.0,43,8,80.30497534876417,3453.1139399968597,3421.1108130960847,81.06601756554777,3485.838755318554,0.7790406064766029,33.49874607849392,0.02469121318398056,0.9989323389922456
NFL SEA vs NE,500.0,1.0,50.0,42,8,82.2169985713538,3453.1139399968597,3421.1108130960847,82.99616084091795,3485.838755318554,0.7975891923450934,33.49874607849392,0.025279099212170572,0.9989323389922456
NFL SEA vs NE,500.0,1.0,100.0,42,8,82.2169985713538,3453.1139399968597,3421.1108130960847,82.99616084091795,3485.838755318554,0.7975891923450934,33.49874607849392,0.025279099212170572,0.9989323389922456
NFL SEA vs NE,500.0,1.0,200.0,42,8,82.2169985713538,3453.1139399968597,3421.1108130960847,82.99616084091795,3485.838755318554,0.7975891923450934,33.49874607849392,0.025279099212170572,0.9989323389922456
NFL SEA vs NE,500.0,2.0,25.0,43,9,80.31479547812623,3453.536205559428,3421.142496503333,81.0758950921422,3486.263488962115,0.787566887836478,33.86537617696855,0.024711185356594157,0.9989999954174055
NFL SEA vs NE,500.0,2.0,50.0,42,9,82.2270525133197,3453.536205559428,3421.142496503333,83.00627354671703,3486.263488962115,0.8063184804040132,33.86537617696855,0.02529954691270354,0.9989999954174055
NFL SEA vs NE,500.0,2.0,100.0,42,9,82.2270525133197,3453.536205559428,3421.142496503333,83.00627354671703,3486.263488962115,0.8063184804040132,33.86537617696855,0.02529954691270354,0.9989999954174055
NFL SEA vs NE,500.0,2.0,200.0,42,9,82.2270525133197,3453.536205559428,3421.142496503333,83.00627354671703,3486.263488962115,0.8063184804040132,33.86537617696855,0.02529954691270354,0.9989999954174055
NFL SEA vs NE,500.0,5.0,25.0,43,12,80.31491008383908,3453.54113360508,3421.1424986492784,81.07600979594437,3486.268421225608,0.7876744451572592,33.870001141762145,0.02471141767098577,0.999
NFL SEA vs NE,500.0,5.0,50.0,42,12,82.22716984774,3453.54113360508,3421.1424986492784,83.00639098156209,3486.268421225608,0.8064285986133845,33.870001141762145,0.025299784758390193,0.999
NFL SEA vs NE,500.0,5.0,100.0,42,12,82.22716984774,3453.54113360508,3421.1424986492784,83.00639098156209,3486.268421225608,0.8064285986133845,33.870001141762145,0.025299784758390193,0.999
NFL SEA vs NE,500.0,5.0,200.0,42,12,82.22716984774,3453.54113360508,3421.1424986492784,83.00639098156209,3486.268421225608,0.8064285986133845,33.870001141762145,0.025299784758390193,0.999
NFL SEA vs NE,1000.0,0.25,25.0,43,19,103.36480076576802,4444.686432928025,4107.853319773639,160.5168844527151,6902.226031466748,4.676776492167189,201.10138916318914,0.021948291040636562,0.69810698229971
NFL SEA vs NE,1000.0,0.25,50.0,42,19,105.82586745066726,4444.686432928025,4107.853319773639,164.3387150349226,6902.226031466748,4.788128313409265,201.10138916318914,0.022470869398746957,0.69810698229971
NFL SEA vs NE,1000.0,0.25,100.0,42,19,105.82586745066726,4444.686432928025,4107.853319773639,164.3387150349226,6902.226031466748,4.788128313409265,201.10138916318914,0.022470869398746957,0.69810698229971
NFL SEA vs NE,1000.0,0.25,200.0,42,19,105.82586745066726,4444.686432928025,4107.853319773639,164.3387150349226,6902.226031466748,4.788128313409265,201.10138916318914,0.022470869398746957,0.69810698229971
NFL SEA vs NE,1000.0,0.5,25.0,43,17,107.05589066806749,4603.403298726902,4107.853319773639,170.55809172193548,7333.997944043226,6.934185917155993,298.1699944377077,0.030332663793252192,0.9083727646638768
NFL SEA vs NE,1000.0,0.5,50.0,42,17,109.60484044587862,4603.403298726902,4107.853319773639,174.61899866769585,7333.997944043226,7.099285581850184,298.1699944377077,0.03105487007404391,0.9083727646638768
NFL SEA vs NE,1000.0,0.5,100.0,42,17,109.60484044587862,4603.403298726902,4107.853319773639,174.61899866769585,7333.997944043226,7.099285581850184,298.1699944377077,0.03105487007404391,0.9083727646638768
NFL SEA vs NE,1000.0,0.5,200.0,42,17,109.60484044587862,4603.403298726902,4107.853319773639,174.61899866769585,7333.997944043226,7.099285581850184,298.1699944377077,0.03105487007404391,0.9083727646638768
NFL SEA vs NE,1000.0,1.0,25.0,43,18,110.09694654627428,4734.168701489794,4107.85331977364,175.8452539313186,7561.3459190467,8.854275751924112,380.7338573327368,0.035552458738077525,0.990778482698029
NFL SEA vs NE,1000.0,1.0,50.0,42,18,112.71830241642367,4734.168701489794,4107.85331977364,180.0320456915881,7561.3459190467,9.065091841255638,380.7338573327368,0.03639894585088889,0.990778482698029
NFL SEA vs NE,1000.0,1.0,100.0,42,18,112.71830241642367,4734.168701489794,4107.85331977364,180.0320456915881,7561.3459190467,9.065091841255638,380.7338573327368,0.03639894585088889,0.990778482698029
NFL SEA vs NE,1000.0,1.0,200.0,42,18,112.71830241642367,4734.168701489794,4107.85331977364,180.0320456915881,7561.3459190467,9.065091841255638,380.7338573327368,0.03639894585088889,0.990778482698029
NFL SEA vs NE,1000.0,2.0,25.0,43,18,111.37708442645851,4789.214630337716,4107.853319773636,177.42152796059258,7629.125702305481,9.679016320684545,416.1977017894354,0.03725038009553367,0.9989323389922456
NFL SEA vs NE,1000.0,2.0,50.0,42,18,114.02891976994562,4789.214630337716,4107.853319773636,181.6458500548924,7629.125702305481,9.909469090224652,416.1977017894354,0.038137293907332094,0.9989323389922456
NFL SEA vs NE,1000.0,2.0,100.0,42,18,114.02891976994562,4789.214630337716,4107.853319773636,181.6458500548924,7629.125702305481,9.909469090224652,416.1977017894354,0.038137293907332094,0.9989323389922456
NFL SEA vs NE,1000.0,2.0,200.0,42,18,114.02891976994562,4789.214630337716,4107.853319773636,181.6458500548924,7629.125702305481,9.909469090224652,416.1977017894354,0.038137293907332094,0.9989323389922456
NFL SEA vs NE,1000.0,5.0,25.0,43,17,111.53525226965377,4796.015847595112,4107.853319773632,177.5946779695235,7636.571152689511,9.781590638002127,420.6083974340915,0.037443194946347534,0.9989999999622864
NFL SEA vs NE,1000.0,5.0,50.0,42,17,114.19085351416933,4796.015847595112,4107.853319773632,181.8231226830836,7636.571152689511,10.014485653192654,420.6083974340915,0.038334699587927235,0.9989999999622864
NFL SEA vs NE,1000.0,5.0,100.0,42,17,114.19085351416933,4796.015847595112,4107.853319773632,181.8231226830836,7636.571152689511,10.014485653192654,420.6083974340915,0.038334699587927235,0.9989999999622864
NFL SEA vs NE,1000.0,5.0,200.0,42,17,114.19085351416933,4796.015847595112,4107.853319773632,181.8231226830836,7636.571152689511,10.014485653192654,420.6083974340915,0.038334699587927235,0.9989999999622864
World Series Winner,100.0,0.25,25.0,36,11,0.1707106784262472,6.1455844233449,2.1183150491920912,0.18268870484932778,6.5767933745758,0.16017133742118422,5.766168147162632,0.002508209720320617,0.02814383467184778
World Series Winner,100.0,0.25,50.0,25,9,0.19217165341614303,4.804291335403576,2.0892724649511365,0.19658399848919772,4.914599962229943,0.18336776802219512,4.584194200554878,0.0024541501598000304,0.025443910306339745
World Series Winner,100.0,0.25,100.0,21,8,0.19168453740335117,4.025375285470375,2.0725946314501584,0.19366875062108657,4.067043763042818,0.18345153770388217,3.852482291781526,0.0021229323343082748,0.025254524948907897
World Series Winner,100.0,0.25,200.0,11,6,0.17384683951682559,1.9123152346850816,1.9123144902395666,0.1738468420865667,1.9123152629522338,0.17045601011681866,1.8750161112850052,0.0017209640862030867,0.018930597116019077
World Series Winner,100.0,0.5,25.0,36,12,0.26450960516337496,9.522345785881498,3.617454169183361,0.2867824181888672,10.324167054799219,0.2463275398804522,8.86779143569628,0.004186927512513628,0.05360942936995361
World Series Winner,100.0,0.5,50.0,25,9,0.2792641754582314,6.9816043864557855,3.5265287600675492,0.2872274608111985,7.180686520279963,0.2650499811987884,6.62624952996971,0.003792499395844846,0.04343138091349208
World Series Winner,100.0,0.5,100.0,21,8,0.2625425111228283,5.513392733579394,3.475030780365614,0.26589335546875265,5.583760464843806,0.24990512552488825,5.2480076360226535,0.0030004828908602533,0.042833199744731654
World Series Winner,100.0,0.5,200.0,11,5,0.17891399971296612,1.9680539968426274,1.9680529008492158,0.17891400235852084,1.9680540259437294,0.17542433748987915,1.9296677123886705,0.001771620768470665,0.019487816922140522
World Series Winner,100.0,1.0,25.0,36,11,0.3970860045658245,14.295096164369681,5.455487299138895,0.4359715719834918,15.694976591405705,0.3676806084327277,13.236501903578198,0.006795382644544419,0.09750111785009652
World Series Winner,100.0,1.0,50.0,25,9,0.3903509535534738,9.758773838836845,5.220254595791573,0.4035787214986277,10.089468037465693,0.3691123153335703,9.227807883339258,0.005643515171674802,0.06513751300874071
World Series Winner,100.0,1.0,100.0,21,8,0.3411343546114863,7.163821446841212,5.090146596777004,0.3460835080283654,7.267753668595674,0.3235055252714412,6.7936160307002655,0.0040051964525692485,0.06358588860403269
World Series Winner,100.0,1.0,200.0,11,5,0.17906751831302162,1.9697427014432378,1.9697413616997892,0.17906752096085007,1.969742730569351,0.17557486218766882,1.9313234840643572,0.0017731559542375384,0.019504701400777535
World Series Winner,100.0,2.0,25.0,36,10,0.547115586437013,19.696161111732465,6.936695423148251,0.6083390609211057,21.900206193159804,0.5045637506099718,18.164295021958985,0.010192989710813767,0.1628580716558996
World Series Winner,100.0,2.0,50.0,25,9,0.4964076563065794,12.410191407664485,6.472831513338235,0.5158272626904438,12.895681567261093,0.46849404356588203,11.71235108914705,0.0076430415659937264,0.0879564287970922
World Series Winner,100.0,2.0,100.0,21,9,0.39634717329483327,8.323290639191498,6.225682516349195,0.40243592922923555,8.451154513813947,0.37522348559572327,7.879693197510188,0.004727128163900941,0.07851206114546139
World Series Winner,100.0,2.0,200.0,11,5,0.17906765745161382,1.969744231967752,1.9697428258568834,0.179067660099649,1.9697442610961389,0.1755749987302891,1.93132498603318,0.0017731573487813521,0.019504716042367476
World Series Winner,100.0,5.0,25.0,36,12,0.6974309452868658,25.107514030327167,9.191879147290223,0.786084257412716,28.299033266857776,0.6412820192769394,23.08615269396982,0.014330886334267863,0.2557200564856943
World Series Winner,100.0,5.0,50.0,25,9,0.5762228911930185,14.405572279825464,6.931504870328354,0.6018252337919676,15.045630844799192,0.5433969066401562,13.584922666003905,0.009464008604898213,0.12706572816973494
World Series Winner,100.0,5.0,100.0,21,7,0.4128633055339443,8.67012941621283,6.565309501386082,0.4192954798146123,8.805205076106859,0.3906964942203726,8.204626378627825,0.004945696684867863,0.0830313816355327
World Series Winner,100.0,5.0,200.0,11,6,0.17906765776729117,1.9697442354402028,1.9697428258587024,0.179067660415285,1.969744264568135,0.17557499904592108,1.9313249895051319,0.001773157352102534,0.019504716042378356
World Series Winner,250.0,0.25,25.0,36,21,0.6957389087604753,25.04660071537711,20.589416656579374,0.7156172958409823,25.762222650275362,0.6277788823048538,22.60003976297474,0.003456591782787319,0.0773573037203803
World Series Winner,250.0,0.25,50.0,25,16,0.9749674533877465,24.37418633469366,20.535086552466964,0.9951907772266759,24.879769430666897,0.8790291837461608,21.97572959365402,0.004498483647258085,0.07716632719402183
World Series Winner,250.0,0.25,100.0,21,13,1.1274404188160143,23.676248795136303,20.478837149373703,1.1448189666021098,24.041198298644304,1.015305092302682,21.321406938356322,0.0048250848596567775,0.07696853491657318
World Series Winner,250.0,0.25,200.0,11,10,1.8386354906390456,20.2249903970295,20.20302975281936,1.8393185821222355,20.232504403344592,1.654597973867014,18.200577712537154,0.006919989680052211,0.07599768118403138
World Series Winner,250.0,0.5,25.0,36,21,0.9470737259691807,34.094654134890504,25.78166691567037,0.9846703097941258,35.44813115258853,0.8550568896244379,30.782048026479764,0.005217712809437296,0.09772751145792846
World Series Winner,250.0,0.5,50.0,25,16,1.3100021283986372,32.75005320996593,25.64953363006225,1.3476860456738973,33.69215114184743,1.1815440070521879,29.538600176304694,0.0065644492146077395,0.09725483647324185
World Series Winner,250.0,0.5,100.0,21,14,1.4934574056546213,31.362605518747046,25.51385355577213,1.5252305716664436,32.02984200499532,1.3449142415929007,28.243199073450917,0.006770942293776881,0.09676918399635825
World Series Winner,250.0,0.5,200.0,11,11,2.266623639090281,24.932860029993094,24.894276601215665,2.267473510543141,24.94220861597455,2.0398586627546984,22.438445290301683,0.008614790388666992,0.09454773757669199
World Series Winner,250.0,1.0,25.0,36,22,1.1827514142694011,42.57905091369844,27.96864262500776,1.2507063467812145,45.02542848412372,1.0691972219422061,38.49109998991942,0.0075511988264819994,0.10618045986064684
World Series Winner,250.0,1.0,50.0,25,17,1.5993476687158614,39.983691717896534,27.695223753537903,1.6657123495105635,41.642808737764085,1.443929435525948,36.0982358881487,0.00902712058418301,0.10519926172434557
World Series Winner,250.0,1.0,100.0,21,15,1.777845525760256,37.334756040965374,27.418739366002683,1.8319438480033774,38.470820808070926,1.6015430117673009,33.63240324711332,0.008741871105424797,0.10420596377909086
World Series Winner,250.0,1.0,200.0,11,11,2.3964274721261685,26.36070219338785,26.301461977632243,2.3973281293491584,26.370609422840744,2.156846186518128,23.725308051699407,0.009137396841731739,0.10018075282287042
World Series Winner,250.0,2.0,25.0,36,21,1.4571305806927088,52.45670090493752,29.116954493586036,1.5709399576295593,56.55383847466413,1.3193531431831742,47.496713154594275,0.010951931433093583,0.12717814676397698
World Series Winner,250.0,2.0,50.0,25,16,1.9086748291124649,47.716870727811624,28.60047406657759,2.0151177636680107,50.37794409170027,1.7255481052994066,43.13870263248516,0.012302467524819258,0.1251804485802529
World Series Winner,250.0,2.0,100.0,21,15,2.046205967797762,42.970325323753,28.091876207277892,2.1281060337219166,44.69022670816025,1.8443450858959554,38.73124680381506,0.010971746383634993,0.12320484569770518
World Series Winner,250.0,2.0,200.0,11,11,2.405994797247848,26.465942769726325,26.39002763837243,2.4068988072141027,26.47588687935513,2.1656065419163517,23.82167196107987,0.009178255933596124,0.10053635455036014
World Series Winner,250.0,5.0,25.0,36,20,1.8333013169161048,65.99884740897977,30.640497354633226,2.0214508608542223,72.772230990752,1.66317392791662,59.87426140499832,0.016795377297737016,0.1796988222261523
World Series Winner,250.0,5.0,50.0,25,16,2.280057229219999,57.001430730499976,29.619591792440588,2.4411822125570155,61.029555313925385,2.064918067993795,51.622951699844876,0.01709753124159408,0.17450103837965403
World Series Winner,250.0,5.0,100.0,21,13,2.3029809077548644,48.362599062852155,28.669458567525908,2.412501071326788,50.66252249786254,2.076977447225477,43.616526391735015,0.01328468997456453,0.16962035980132972
World Series Winner,250.0,5.0,200.0,11,11,2.406623778842624,26.472861567268865,26.390343074493103,2.407527866309775,26.482806529407526,2.166232496602713,23.828557462629842,0.009181772594862686,0.10053762129107191
World Series Winner,500.0,0.25,25.0,36,36,1.442383556258098,51.92580802529153,47.73469937184859,1.479361030969154,53.25699711488954,1.2168152011764612,43.8053472423526,0.003350163649429654,0.08845894083615691
World Series Winner,500.0,0.25,50.0,25,25,2.0624897083301583,51.56224270825396,47.699101905360976,2.110742171013876,52.7685542753469,1.7385351059687528,43.46337764921882,0.004581210857262086,0.08840149758621663
World Series Winner,500.0,0.25,100.0,21,21,2.4332837172834267,51.098958062951965,47.65345893420863,2.4846644519540177,52.17795349103437,2.0489510993727387,43.02797308682751,0.005143217005472865,0.08832782770693937
World Series Winner,500.0,0.25,200.0,11,11,4.37697541449649,48.14672955946139,47.368859437585115,4.424476014155268,48.66923615570795,3.6679216642482135,40.34713830673035,0.008261577245077912,0.08786805717537549
World Series Winner,500.0,0.5,25.0,36,36,2.168048816719827,78.04975740191378,70.01225270170244,2.2332077655475597,80.39547955971216,1.8330849048162179,65.99105657338384,0.005436436690228613,0.13297509686866926
World Series Winner,500.0,0.5,50.0,25,25,3.0919476984337235,77.29869246084309,69.91143662508705,3.175848613522894,79.39621533807235,2.611719514413822,65.29298786034555,0.007343335725969929,0.13280434157216314
World Series Winner,500.0,0.5,100.0,21,21,3.635498077050459,76.34545961805964,69.78276873869186,3.7233532297039704,78.19041782378338,3.0670342722058628,64.40771971632311,0.008123716250624495,0.13258633419863253
World Series Winner,500.0,0.5,200.0,11,11,6.408733957550442,70.49607353305487,69.01252073663568,6.479633699632401,71.2759706959564,5.37685754319916,59.14543297519076,0.012458143431263573,0.131279425034585
World Series Winner,500.0,1.0,25.0,36,36,2.8124942300121885,101.24979228043878,86.55227297375336,2.920813561555168,105.14928821598605,2.3879637799679627,85.96669607884665,0.007950189967705603,0.16722961365525324
World Series Winner,500.0,1.0,50.0,25,25,3.989432072274185,99.73580180685462,86.31291991841863,4.125905040831112,103.1476260207778,3.3828779004773923,84.57194751193481,0.010488561563645828,0.16681040297456917
World Series Winner,500.0,1.0,100.0,21,21,4.658524284679759,97.82900997827494,86.01013201557862,4.797478077228399,100.74703962179638,3.9436402657939116,82.81644558167214,0.011270295410669278,0.16627977059466859
World Series Winner,500.0,1.0,200.0,11,11,7.900591381102004,86.90650519212204,84.32669771280962,7.9889137282468505,87.87805101071535,6.64059745855308,73.04657204408387,0.015763750398853683,0.16332304399304487
World Series Winner,500.0,2.0,25.0,36,36,3.2707219311437417,117.74598952117469,92.93344642217471,3.442494265495066,123.92979355782236,2.795265033223201,100.62954119603525,0.010964652009823047,0.1802457524127954
World Series Winner,500.0,2.0,50.0,25,25,4.593067228005589,114.82668070013972,92.44726570058538,4.803057855167265,120.07644637918162,3.9180886885309802,97.95221721327451,0.013926939507385296,0.17938784812882236
World Series Winner,500.0,2.0,100.0,21,21,5.295299715940083,111.20129403474175,91.84213757197176,5.5007483286706975,115.51571490208465,4.5061073042212865,94.62825338864702,0.014248069482701228,0.178318878453242
World Series Winner,500.0,2.0,200.0,11,11,8.429269617029975,92.72196578732974,88.87224309614385,8.523258826454553,93.75584709100008,7.101304746331087,78.11435220964196,0.017111255745160047,0.17305359091511008
World Series Winner,500.0,5.0,25.0,36,36,3.8330369242639284,137.98932927350143,96.3863838969828,4.121722926579879,148.38202535687563,3.3047412848427995,118.97068625434078,0.016619116052356456,0.18643835431549183
World Series Winner,500.0,5.0,50.0,25,25,5.267863955651483,131.69659889128707,95.31083544999365,5.602619797368487,140.06549493421215,4.52888598105385,113.22214952634626,0.019726067958095176,0.18454999621347323
World Series Winner,500.0,5.0,100.0,21,21,5.91166267313497,124.14491613583436,94.02373497564713,6.216659017228367,130.5498393617957,5.062838145700942,106.31960105971979,0.01839074970617402,0.1822848671539249
World Series Winner,500.0,5.0,200.0,11,11,8.553794392109136,94.0917383132005,89.1585582491316,8.648598962165208,95.13458858381728,7.221156061581433,79.43271667739576,0.017573920312492455,0.17366991997759318
World Series Winner,1000.0,0.25,25.0,36,36,1.9738524428375652,71.05868794215235,63.16792056089821,2.1027099361028863,75.6975576997039,1.6514340131945406,59.45162447500346,0.002803380338757362,0.0679606747840823
World Series Winner,1000.0,0.25,50.0,25,25,2.834614164391123,70.86535410977808,63.15497707969212,3.0173932130915273,75.43483032728818,2.3706181379675075,59.26545344918769,0.003902537663241459,0.06794935293651605
World Series Winner,1000.0,0.25,100.0,21,21,3.3621489829917577,70.60512864282691,63.136423134338884,3.575553600663549,75.08662561393453,2.810284951231052,59.015983975852095,0.004477193148906938,0.06793312201981017
World Series Winner,1000.0,0.25,200.0,11,11,6.23068682692139,68.53755509613529,63.00454131758306,6.590124300174053,72.49136730191458,5.188388691809424,57.07227560990366,0.007530984562703241,0.06781770084105188
World Series Winner,1000.0,0.5,25.0,36,36,3.318415783954827,119.46296822237377,104.08341627506184,3.5421325743728542,127.51677267742275,2.7877776385998194,100.3599949895935,0.005033605640552237,0.11596130541805871
World Series Winner,1000.0,0.5,50.0,25,25,4.762404302500626,119.06010756251567,104.04248102439442,5.078946468046524,126.97366170116311,3.9990685581199785,99.97671395299946,0.006978669168868068,0.11592292872846799
World Series Winner,1000.0,0.5,100.0,21,21,5.643772578090712,118.51922413990496,103.98394484503115,6.012146678484074,126.25508024816554,4.736417991067938,99.4647778124267,0.007970882347654952,0.11586804284904717
World Series Winner,1000.0,0.5,200.0,11,11,10.391298480301016,114.30428328331118,103.57674084524024,10.99922104497498,120.9914314947248,8.685670737738384,95.54237811512223,0.013187497629915355,0.11548595929743943
World Series Winner,1000.0,1.0,25.0,36,36,4.966362798541986,178.78906074751148,149.97657305497182,5.317326954663185,191.42377036787468,4.200125968524642,151.20453486688712,0.0083315431826149,0.17389760759192807
World Series Winner,1000.0,1.0,50.0,25,25,7.118060906504579,177.95152266261448,149.86467185079232,7.612142239214591,190.30355598036476,6.016681231262629,150.41703078156573,0.011456859603245441,0.1737840871354096
World Series Winner,1000.0,1.0,100.0,21,21,8.42061545646036,176.83292458566757,149.70540948079588,8.991795685111919,188.8277093873503,7.1129253328441235,149.3714319897266,0.012968277387513626,0.1736224830627603
World Series Winner,1000.0,1.0,200.0,11,11,15.311638844373688,168.42802728811057,148.64168616448387,16.216834899686607,178.3851838965527,12.87480491087303,141.62285401960332,0.02075731531800992,0.17254200017050203
World Series Winner,1000.0,2.0,25.0,36,36,6.458206157741283,232.49542167868617,182.60116827038155,6.944976730393058,250.01916229415008,5.515017979240531,198.5406472526591,0.012458766368530568,0.21774636969038197
World Series Winner,1000.0,2.0,50.0,25,25,9.231819626457117,230.79549066142795,182.3434414135827,9.910342131648136,247.75855329120338,7.8781594436024225,196.95398609006057,0.016867228715473543,0.21747006806812463
World Series Winner,1000.0,2.0,100.0,21,21,10.883205175398459,228.54730868336765,181.97990709778196,11.657458609688362,244.80663080345562,9.279465204544177,194.86876929542774,0.018759915489339127,0.2170801955157201
World Series Winner,1000.0,2.0,200.0,11,11,19.34043607537908,212.7447968291699,179.72404189855888,20.477490616563912,225.25239678220305,16.397222075063187,180.36944282569507,0.028209794160360048,0.21465728294491648
World Series Winner,1000.0,5.0,25.0,36,36,7.793714008795373,280.57370431663344,195.23558002092796,8.457420751964609,304.4671470707259,6.753241420913486,243.11669115288552,0.019001817914070063,0.23458138186382305
World Series Winner,1000.0,5.0,50.0,25,25,11.06160884730104,276.540221182526,194.60920161889135,11.96489559081836,299.122389770459,9.574484585910616,239.3621146477654,0.024794099914344288,0.23389977355287583
World Series Winner,1000.0,5.0,100.0,21,21,12.920952486136317,271.34000220886264,193.74649815317753,13.919596738955962,292.3115315180752,11.169140451076228,234.5519494726008,0.026419006105192495,0.23296030204721352
World Series Winner,1000.0,5.0,200.0,11,11,21.84236313380978,240.26599447190756,189.257483832871,23.09043005303641,253.9947305834005,18.728947436226598,206.01842179849257,0.03463485011603953,0.22805870367981163
