timestamp,datetime_utc,price,size,side,asset,conditionId,slug,eventSlug,outcome,outcomeIndex,transactionHash,proxyWallet
1762065295,2025-11-02 06:34:55+00:00,0.999,20.86,SELL,53265480907230993277291980022548289888513511631269590569842180511999408934826,0xe407f2a0500097f53f9a1634b910ac5e85f52bc9389be48096dd81943a6c009c,world-series-winner,world-series-winner,Dodgers,1,0x8fcdbb0410ac821b937c52d8bbd78a328d4526707e1d1f0e67a99807ebfc90b5,0x0fed97668ee9f743676d53a4a832b500336b97d3
1762062351,2025-11-02 05:45:51+00:00,0.99,5.0,BUY,53265480907230993277291980022548289888513511631269590569842180511999408934826,0xe407f2a0500097f53f9a1634b910ac5e85f52bc9389be48096dd81943a6c009c,world-series-winner,world-series-winner,Dodgers,1,0x830e54ad582d9a6e340b7108641cd15cff6385176aec15cc4f5635e3599c364c,0xcb239d37d4e32efe494c1701f3d8a50b72078189
1762061883,2025-11-02 05:38:03+00:00,0.99,5.48,BUY,53265480907230993277291980022548289888513511631269590569842180511999408934826,0xe407f2a0500097f53f9a1634b910ac5e85f52bc9389be48096dd81943a6c009c,world-series-winner,world-series-winner,Dodgers,1,0xc132a8fb87a50587adb72a886b470db46f36f25d067fded1f2c83eee72e33659,0xcb239d37d4e32efe494c1701f3d8a50b72078189
1762061629,2025-11-02 05:33:49+00:00,0.47,2.74,BUY,66823754893113160492896748488545715596397411386149556601840637775889894946661,0xe407f2a0500097f53f9a1634b910ac5e85f52bc9389be48096dd81943a6c009c,world-series-winner,world-series-winner,Blue Jays,0,0x7433ca9c32fc75e221878c89e0238852e7dc87330d9ecdafcd2d649294a3754c,0x97317409bfd9e992611596acee93e8b938019b35
1762061619,2025-11-02 05:33:39+00:00,0.47,2.74,BUY,66823754893113160492896748488545715596397411386149556601840637775889894946661,0xe407f2a0500097f53f9a1634b910ac5e85f52bc9389be48096dd81943a6c009c,world-series-winner,world-series-winner,Blue Jays,0,0xece52d666b4c4025b94d2671ac07100b930ba40eebb41733e48ae12179e5801d,0x97317409bfd9e992611596acee93e8b938019b35
1762061449,2025-11-02 05:30:49+00:00,0.47,2.74,BUY,66823754893113160492896748488545715596397411386149556601840637775889894946661,0xe407f2a0500097f53f9a1634b910ac5e85f52bc9389be48096dd81943a6c009c,world-series-winner,world-series-winner,Blue Jays,0,0xfb819d915c4a344ae85d7f338e7bd38c1781d7b8b25ac56656f9593b5cb3c89f,0x97317409bfd9e992611596acee93e8b938019b35
1762061431,2025-11-02 05:30:31+00:00,0.47,2.74,BUY,66823754893113160492896748488545715596397411386149556601840637775889894946661,0xe407f2a0500097f53f9a1634b910ac5e85f52bc9389be48096dd81943a6c009c,world-series-winner,world-series-winner,Blue Jays,0,0x910834674ae85862f00985bfb055360f06a1c8267e42019b192de9f38ebc182f,0x97317409bfd9e992611596acee93e8b938019b35
1762061280,2025-11-02 05:28:00+00:00,0.47,2.74,BUY,66823754893113160492896748488545715596397411386149556601840637775889894946661,0xe407f2a0500097f53f9a1634b910ac5e85f52bc9389be48096dd81943a6c009c,world-series-winner,world-series-winner,Blue Jays,0,0x846ce53f053363107bfeeb544f7c1110a545639959b7b34d61c2b1aa266a3be6,0x97317409bfd9e992611596acee93e8b938019b35
1762061164,2025-11-02 05:26:04+00:00,0.47,2.74,BUY,66823754893113160492896748488545715596397411386149556601840637775889894946661,0xe407f2a0500097f53f9a1634b910ac5e85f52bc9389be48096dd81943a6c009c,world-series-winner,world-series-winner,Blue Jays,0,0x7480948fcc6ae27029529062de5b33256d94dbd226bcd78e8a77ade5ec68428d,0x97317409bfd9e992611596acee93e8b938019b35
1762061154,2025-11-02 05:25:54+00:00,0.48,2.74,BUY,66823754893113160492896748488545715596397411386149556601840637775889894946661,0xe407f2a0500097f53f9a1634b910ac5e85f52bc9389be48096dd81943a6c009c,world-series-winner,world-series-winner,Blue Jays,0,0x432bf3764794381486a659911e082fef42a6fc7758f440f3dc1f001d215cd575,0x97317409bfd9e992611596acee93e8b938019b35
1762061108,2025-11-02 05:25:08+00:00,0.46,2.74,BUY,66823754893113160492896748488545715596397411386149556601840637775889894946661,0xe407f2a0500097f53f9a1634b910ac5e85f52bc9389be48096dd81943a6c009c,world-series-winner,world-series-winner,Blue Jays,0,0x51ad2265c9ad13d9f20a038df56b5d130ac221a586ed64b57a5005bbbe0deddd,0x97317409bfd9e992611596acee93e8b938019b35
1762057488,2025-11-02 04:24:48+00:00,0.7433333333333333,15.0,BUY,53265480907230993277291980022548289888513511631269590569842180511999408934826,0xe407f2a0500097f53f9a1634b910ac5e85f52bc9389be48096dd81943a6c009c,world-series-winner,world-series-winner,Dodgers,1,0xfde45ccdc115961119524487be87b77e96a63646a2b944351d30f007a5a512ef,0x6e8f80ca0cddb8d3f207dc5147ac0e6062ae162c
1762057452,2025-11-02 04:24:12+00:00,0.59,10.0,BUY,53265480907230993277291980022548289888513511631269590569842180511999408934826,0xe407f2a0500097f53f9a1634b910ac5e85f52bc9389be48096dd81943a6c009c,world-series-winner,world-series-winner,Dodgers,1,0xb579e7e80a0d8c71a83209db51f25bd368a82e736f6e4eeaa3add03aadeb16a8,0x9849476d179a00ba6575280b291f3491414e36f0
1762057216,2025-11-02 04:20:16+00:00,0.99,145.09,BUY,53265480907230993277291980022548289888513511631269590569842180511999408934826,0xe407f2a0500097f53f9a1634b910ac5e85f52bc9389be48096dd81943a6c009c,world-series-winner,world-series-winner,Dodgers,1,0x91f7775afd9475b3f40f904dc1f755ba33683e9d752e192e4f3324105887becf,0x08ffd16cacd8864d57143caa8735e65887387840
1762057154,2025-11-02 04:19:14+00:00,0.98,26.0,BUY,53265480907230993277291980022548289888513511631269590569842180511999408934826,0xe407f2a0500097f53f9a1634b910ac5e85f52bc9389be48096dd81943a6c009c,world-series-winner,world-series-winner,Dodgers,1,0x5f33537b731355eb44ce87134b4da499cc5e3462dfeeaf81f49d2f83d077b82b,0x9cdda449d7cedf1072d74982a5dc2349df3d3e97
1762057100,2025-11-02 04:18:20+00:00,0.780933271115259,107.15,BUY,53265480907230993277291980022548289888513511631269590569842180511999408934826,0xe407f2a0500097f53f9a1634b910ac5e85f52bc9389be48096dd81943a6c009c,world-series-winner,world-series-winner,Dodgers,1,0xa822a44e0a782d55a50b75ff9595786ef6210d81955d6f065ca8e22fc926dcd6,0x9cdda449d7cedf1072d74982a5dc2349df3d3e97
1762057078,2025-11-02 04:17:58+00:00,0.77,63.29,BUY,53265480907230993277291980022548289888513511631269590569842180511999408934826,0xe407f2a0500097f53f9a1634b910ac5e85f52bc9389be48096dd81943a6c009c,world-series-winner,world-series-winner,Dodgers,1,0x923f7500a9fab62867df35688a88dfb079e093f25c6d4c8a8587a8e1765e0b17,0x9cdda449d7cedf1072d74982a5dc2349df3d3e97
1762057062,2025-11-02 04:17:42+00:00,0.76,26.0,BUY,53265480907230993277291980022548289888513511631269590569842180511999408934826,0xe407f2a0500097f53f9a1634b910ac5e85f52bc9389be48096dd81943a6c009c,world-series-winner,world-series-winner,Dodgers,1,0x903e7142e66bf2828f3a2e3968f9725befd1f6b9ced71b76a3179644be216a1a,0x9cdda449d7cedf1072d74982a5dc2349df3d3e97
1762057042,2025-11-02 04:17:22+00:00,0.3499998774999204,2.857141,BUY,66823754893113160492896748488545715596397411386149556601840637775889894946661,0xe407f2a0500097f53f9a1634b910ac5e85f52bc9389be48096dd81943a6c009c,world-series-winner,world-series-winner,Blue Jays,0,0xe506f0ef3ac8c866d09d6c8542963baa08fc602c56c17d9e85acf266630e07e6,0x0a6c4e3c640e63f92f5c3b2ccea86742f93929b9
1762056584,2025-11-02 04:09:44+00:00,0.81,23.4,SELL,53265480907230993277291980022548289888513511631269590569842180511999408934826,0xe407f2a0500097f53f9a1634b910ac5e85f52bc9389be48096dd81943a6c009c,world-series-winner,world-series-winner,Dodgers,1,0x97c095be7ecd91c1c4ccd2ab0a1cf3060f45a2aff24ec30087307659c9d7fb7c,0x8b966546077125ff2a628d31671ef0d73be27b25
1762056582,2025-11-02 04:09:42+00:00,0.81,2.6,SELL,53265480907230993277291980022548289888513511631269590569842180511999408934826,0xe407f2a0500097f53f9a1634b910ac5e85f52bc9389be48096dd81943a6c009c,world-series-winner,world-series-winner,Dodgers,1,0xf1d039f0bbc72300dbd12ec3f19271f2d9158cc073bb031f26914229ddbffa4d,0xf0b0ef1d6320c6be896b4c9c54dd74407e7f8cab
1762056576,2025-11-02 04:09:36+00:00,0.2,2.6,BUY,66823754893113160492896748488545715596397411386149556601840637775889894946661,0xe407f2a0500097f53f9a1634b910ac5e85f52bc9389be48096dd81943a6c009c,world-series-winner,world-series-winner,Blue Jays,0,0xd954caeb45efd7e1ef4012e3af9eaf6de88f7c0c04297776740074af562c0331,0x97317409bfd9e992611596acee93e8b938019b35
1762056480,2025-11-02 04:08:00+00:00,0.16286028602860286,90.9,SELL,66823754893113160492896748488545715596397411386149556601840637775889894946661,0xe407f2a0500097f53f9a1634b910ac5e85f52bc9389be48096dd81943a6c009c,world-series-winner,world-series-winner,Blue Jays,0,0xd5a3a4dc8f6d5a2e5052c833767084b58691d8970a59a3d85a2c55766c2f6e50,0xc47e056c2678a7594a297b024f0bafc5f6698ae4
1762056470,2025-11-02 04:07:50+00:00,0.19,2.6,BUY,66823754893113160492896748488545715596397411386149556601840637775889894946661,0xe407f2a0500097f53f9a1634b910ac5e85f52bc9389be48096dd81943a6c009c,world-series-winner,world-series-winner,Blue Jays,0,0x193049167adff9f4615fac7f27eff8ad520945b84383a4920da28e6a113c1cf4,0x97317409bfd9e992611596acee93e8b938019b35
1762056404,2025-11-02 04:06:44+00:00,0.81,52.01,BUY,53265480907230993277291980022548289888513511631269590569842180511999408934826,0xe407f2a0500097f53f9a1634b910ac5e85f52bc9389be48096dd81943a6c009c,world-series-winner,world-series-winner,Dodgers,1,0x4848c0ef6e7e4a57ab6c971b357a6bdfca3a8b1f6ead9b21d00cdc6b9fec82b5,0x212954857f5efc138748c33d032a93bf95974222
1762056084,2025-11-02 04:01:24+00:00,0.52,2.6,BUY,66823754893113160492896748488545715596397411386149556601840637775889894946661,0xe407f2a0500097f53f9a1634b910ac5e85f52bc9389be48096dd81943a6c009c,world-series-winner,world-series-winner,Blue Jays,0,0x7d398370549812eca1fc8ffe4af6940314e73048fc6dde57535d48899159d8cf,0x97317409bfd9e992611596acee93e8b938019b35
1762056032,2025-11-02 04:00:32+00:00,0.52,2.6,BUY,66823754893113160492896748488545715596397411386149556601840637775889894946661,0xe407f2a0500097f53f9a1634b910ac5e85f52bc9389be48096dd81943a6c009c,world-series-winner,world-series-winner,Blue Jays,0,0x81010dfd441bdd58bbd34ce9baf5c9236f3449c3e922c236e0a0396166edb15f,0x97317409bfd9e992611596acee93e8b938019b35
1762056020,2025-11-02 04:00:20+00:00,0.52,2.6,BUY,66823754893113160492896748488545715596397411386149556601840637775889894946661,0xe407f2a0500097f53f9a1634b910ac5e85f52bc9389be48096dd81943a6c009c,world-series-winner,world-series-winner,Blue Jays,0,0x5c8052b77f69ee96bf42941e466466255f21c6961039b44edb525a02233ddb08,0x97317409bfd9e992611596acee93e8b938019b35
1762056014,2025-11-02 04:00:14+00:00,0.47,100.0,BUY,53265480907230993277291980022548289888513511631269590569842180511999408934826,0xe407f2a0500097f53f9a1634b910ac5e85f52bc9389be48096dd81943a6c009c,world-series-winner,world-series-winner,Dodgers,1,0x0a07450932ed6fe0bc568a8e9e07f71b28eae70b39c9587807dc4b9b2879a684,0x212954857f5efc138748c33d032a93bf95974222
1762055992,2025-11-02 03:59:52+00:00,0.57,2.6,BUY,66823754893113160492896748488545715596397411386149556601840637775889894946661,0xe407f2a0500097f53f9a1634b910ac5e85f52bc9389be48096dd81943a6c009c,world-series-winner,world-series-winner,Blue Jays,0,0x43428240dfacd5a7f4f70ef889073e695772450061a50672ce9d45b80f87870b,0x97317409bfd9e992611596acee93e8b938019b35
1762055966,2025-11-02 03:59:26+00:00,0.57,2.6,BUY,66823754893113160492896748488545715596397411386149556601840637775889894946661,0xe407f2a0500097f53f9a1634b910ac5e85f52bc9389be48096dd81943a6c009c,world-series-winner,world-series-winner,Blue Jays,0,0x0e15920bb745174f96ff67f80781664d61d4d98441f19e2e4e07ffde6e9eec62,0x97317409bfd9e992611596acee93e8b938019b35
1762055940,2025-11-02 03:59:00+00:00,0.59,2.6,BUY,66823754893113160492896748488545715596397411386149556601840637775889894946661,0xe407f2a0500097f53f9a1634b910ac5e85f52bc9389be48096dd81943a6c009c,world-series-winner,world-series-winner,Blue Jays,0,0x990a8fa4ffa25c03fa535e49f6a11c44944cedac740f6a82b3b823c8024e924f,0x97317409bfd9e992611596acee93e8b938019b35
1762055938,2025-11-02 03:58:58+00:00,0.6,2.6,BUY,66823754893113160492896748488545715596397411386149556601840637775889894946661,0xe407f2a0500097f53f9a1634b910ac5e85f52bc9389be48096dd81943a6c009c,world-series-winner,world-series-winner,Blue Jays,0,0xc7509469e3a2dd2a0dac2ae277348a22b72183ee07f6aea47c68d425d3ff56c7,0x97317409bfd9e992611596acee93e8b938019b35
1762055838,2025-11-02 03:57:18+00:00,0.59,2.6,BUY,66823754893113160492896748488545715596397411386149556601840637775889894946661,0xe407f2a0500097f53f9a1634b910ac5e85f52bc9389be48096dd81943a6c009c,world-series-winner,world-series-winner,Blue Jays,0,0x2dbffd17e9865797d5c1abaaff1bb55df2f5065ab283ec26ad10ad1ffbe255ad,0x97317409bfd9e992611596acee93e8b938019b35
1762055758,2025-11-02 03:55:58+00:00,0.6,2.6,BUY,66823754893113160492896748488545715596397411386149556601840637775889894946661,0xe407f2a0500097f53f9a1634b910ac5e85f52bc9389be48096dd81943a6c009c,world-series-winner,world-series-winner,Blue Jays,0,0xefafa1ec2e5f449b8390c5c0c38a13732859e041f3a970befbf6cd424d3cdbca,0x97317409bfd9e992611596acee93e8b938019b35
1762055740,2025-11-02 03:55:40+00:00,0.6,2.6,BUY,66823754893113160492896748488545715596397411386149556601840637775889894946661,0xe407f2a0500097f53f9a1634b910ac5e85f52bc9389be48096dd81943a6c009c,world-series-winner,world-series-winner,Blue Jays,0,0x6f7f2d88b08146615787d7c49d8c6c4ee395d1ac7c83e14a2cf02f1e530e8d91,0x97317409bfd9e992611596acee93e8b938019b35
1762055692,2025-11-02 03:54:52+00:00,0.6,2.6,BUY,66823754893113160492896748488545715596397411386149556601840637775889894946661,0xe407f2a0500097f53f9a1634b910ac5e85f52bc9389be48096dd81943a6c009c,world-series-winner,world-series-winner,Blue Jays,0,0x21639226e8790b2ee45b2041063a939077e217abaaae6e5c33fa8f459e7e8092,0x97317409bfd9e992611596acee93e8b938019b35
1762055678,2025-11-02 03:54:38+00:00,0.58,2.6,BUY,66823754893113160492896748488545715596397411386149556601840637775889894946661,0xe407f2a0500097f53f9a1634b910ac5e85f52bc9389be48096dd81943a6c009c,world-series-winner,world-series-winner,Blue Jays,0,0x773d6e876e288ce3ce77ae94dcc8cc9d0e08c91905de9484ddd991333e2e9c31,0x97317409bfd9e992611596acee93e8b938019b35
1762055594,2025-11-02 03:53:14+00:00,0.49,23.4,BUY,66823754893113160492896748488545715596397411386149556601840637775889894946661,0xe407f2a0500097f53f9a1634b910ac5e85f52bc9389be48096dd81943a6c009c,world-series-winner,world-series-winner,Blue Jays,0,0xb7045d1a71f6a34a4ec8f2eeacc1f7cd9c9cb3ddfccd2208c31c96d28d36f104,0x212954857f5efc138748c33d032a93bf95974222
1762055512,2025-11-02 03:51:52+00:00,0.49,2.6,BUY,66823754893113160492896748488545715596397411386149556601840637775889894946661,0xe407f2a0500097f53f9a1634b910ac5e85f52bc9389be48096dd81943a6c009c,world-series-winner,world-series-winner,Blue Jays,0,0x3148ad42a2fd0cd2a0c4cfe77a88c7e35dd6ffc43bd5fc5277d5c3037af4294e,0x97317409bfd9e992611596acee93e8b938019b35
1762055504,2025-11-02 03:51:44+00:00,0.74,26.0,SELL,53265480907230993277291980022548289888513511631269590569842180511999408934826,0xe407f2a0500097f53f9a1634b910ac5e85f52bc9389be48096dd81943a6c009c,world-series-winner,world-series-winner,Dodgers,1,0x5c9b29eb44be65b11f4cb75aef39f7e8ed79ea8eb6e1424b25edebc30758531f,0x5567486d87d8fd69c875eb36208386128516aeed
1762055066,2025-11-02 03:44:26+00:00,0.51,103.98,BUY,53265480907230993277291980022548289888513511631269590569842180511999408934826,0xe407f2a0500097f53f9a1634b910ac5e85f52bc9389be48096dd81943a6c009c,world-series-winner,world-series-winner,Dodgers,1,0x9e05eb02825b44d95cba6d37669b154b6cb5125a5aea916bc88d44a65d8e4744,0x212954857f5efc138748c33d032a93bf95974222
1762054754,2025-11-02 03:39:14+00:00,0.5,24.42,BUY,53265480907230993277291980022548289888513511631269590569842180511999408934826,0xe407f2a0500097f53f9a1634b910ac5e85f52bc9389be48096dd81943a6c009c,world-series-winner,world-series-winner,Dodgers,1,0x8fd7cc383ed192a8b918bb851a3e87d6b3f579ca17d164f78610550b1e823167,0x212954857f5efc138748c33d032a93bf95974222
1762053332,2025-11-02 03:15:32+00:00,0.55,1.81818,BUY,66823754893113160492896748488545715596397411386149556601840637775889894946661,0xe407f2a0500097f53f9a1634b910ac5e85f52bc9389be48096dd81943a6c009c,world-series-winner,world-series-winner,Blue Jays,0,0x327c3559a3b34f1eabf818274097eeb9048a678c6c0e7bc665a0cf56bc40c1d3,0x9fd2bfede310acc7f53c6e9c8e21b92b109c31b3
1762052860,2025-11-02 03:07:40+00:00,0.85,74.0,SELL,66823754893113160492896748488545715596397411386149556601840637775889894946661,0xe407f2a0500097f53f9a1634b910ac5e85f52bc9389be48096dd81943a6c009c,world-series-winner,world-series-winner,Blue Jays,0,0x6b5a3be78531277da09a467be745076ef3161eb2c52f49fca1dfd9c1e227b415,0x5567486d87d8fd69c875eb36208386128516aeed
1762052856,2025-11-02 03:07:36+00:00,0.85,26.0,SELL,66823754893113160492896748488545715596397411386149556601840637775889894946661,0xe407f2a0500097f53f9a1634b910ac5e85f52bc9389be48096dd81943a6c009c,world-series-winner,world-series-winner,Blue Jays,0,0x6506d66603ef95c1e9bbd49d9787afec3a750272700605dc47ad8d3ce4ba96a7,0x9099360204e729deece0669e26caa94c522f8491
1762051658,2025-11-02 02:47:38+00:00,0.79,27.45,BUY,66823754893113160492896748488545715596397411386149556601840637775889894946661,0xe407f2a0500097f53f9a1634b910ac5e85f52bc9389be48096dd81943a6c009c,world-series-winner,world-series-winner,Blue Jays,0,0x696766ec5ad3b1a71c0002d4a7d90cd175e122551dc6086cb17cd780573008e4,0x212954857f5efc138748c33d032a93bf95974222
1762050612,2025-11-02 02:30:12+00:00,0.73,87.0,BUY,66823754893113160492896748488545715596397411386149556601840637775889894946661,0xe407f2a0500097f53f9a1634b910ac5e85f52bc9389be48096dd81943a6c009c,world-series-winner,world-series-winner,Blue Jays,0,0x6f0ce757b5131a2446d47101fde2e4485ab400a5dcf4b25a107b4d36461b6589,0x212954857f5efc138748c33d032a93bf95974222
1762050570,2025-11-02 02:29:30+00:00,0.73,2.6,BUY,66823754893113160492896748488545715596397411386149556601840637775889894946661,0xe407f2a0500097f53f9a1634b910ac5e85f52bc9389be48096dd81943a6c009c,world-series-winner,world-series-winner,Blue Jays,0,0x9d55cc0f0838ab270bc91726ef056a63a513f3507545ed9a90b0c6bd032c810c,0x97317409bfd9e992611596acee93e8b938019b35
1762050568,2025-11-02 02:29:28+00:00,0.73,2.6,BUY,66823754893113160492896748488545715596397411386149556601840637775889894946661,0xe407f2a0500097f53f9a1634b910ac5e85f52bc9389be48096dd81943a6c009c,world-series-winner,world-series-winner,Blue Jays,0,0xd4f9b9c5d2322bdabdc4f322258f0efb74ec5a139aab021f955e852b7e485985,0x97317409bfd9e992611596acee93e8b938019b35
1762050546,2025-11-02 02:29:06+00:00,0.73,2.6,BUY,66823754893113160492896748488545715596397411386149556601840637775889894946661,0xe407f2a0500097f53f9a1634b910ac5e85f52bc9389be48096dd81943a6c009c,world-series-winner,world-series-winner,Blue Jays,0,0x5ca0faf3ff39f575d284d3b4575bfe78ba534b3d7201941933d66ae6981bece6,0x97317409bfd9e992611596acee93e8b938019b35
1762050542,2025-11-02 02:29:02+00:00,0.73,2.6,BUY,66823754893113160492896748488545715596397411386149556601840637775889894946661,0xe407f2a0500097f53f9a1634b910ac5e85f52bc9389be48096dd81943a6c009c,world-series-winner,world-series-winner,Blue Jays,0,0x85f1f8e9cf8a51cb5e5d349b2709af3558af62bce2af9542f1783e2c936ea9e3,0x97317409bfd9e992611596acee93e8b938019b35
1762050534,2025-11-02 02:28:54+00:00,0.73,2.6,BUY,66823754893113160492896748488545715596397411386149556601840637775889894946661,0xe407f2a0500097f53f9a1634b910ac5e85f52bc9389be48096dd81943a6c009c,world-series-winner,world-series-winner,Blue Jays,0,0x18a169b213e7fae6f2da7e21bebaecb97ea012a1163aaa5bb854ea8f23c786c3,0x97317409bfd9e992611596acee93e8b938019b35
1762049982,2025-11-02 02:19:42+00:00,0.76,26.0,BUY,66823754893113160492896748488545715596397411386149556601840637775889894946661,0xe407f2a0500097f53f9a1634b910ac5e85f52bc9389be48096dd81943a6c009c,world-series-winner,world-series-winner,Blue Jays,0,0xaaedaffb5633d967edc60264672b247da8a8d1540a3932931c582dfdcfbd4127,0x212954857f5efc138748c33d032a93bf95974222
1762048146,2025-11-02 01:49:06+00:00,0.21999997271999794,22.727271,BUY,53265480907230993277291980022548289888513511631269590569842180511999408934826,0xe407f2a0500097f53f9a1634b910ac5e85f52bc9389be48096dd81943a6c009c,world-series-winner,world-series-winner,Dodgers,1,0x0743057c94689f8fa0ea77a95308d2d8e2aeac2355256cadcd0811677b6cbc02,0x8b966546077125ff2a628d31671ef0d73be27b25
1762048138,2025-11-02 01:48:58+00:00,0.78,26.0,BUY,66823754893113160492896748488545715596397411386149556601840637775889894946661,0xe407f2a0500097f53f9a1634b910ac5e85f52bc9389be48096dd81943a6c009c,world-series-winner,world-series-winner,Blue Jays,0,0x63dfd18e1477962ee3fd4bf4b72f8dbc19f467f46f0b4aa088a9a1d89a081260,0x212954857f5efc138748c33d032a93bf95974222
1762048064,2025-11-02 01:47:44+00:00,0.2799999514666589,10.714284,BUY,53265480907230993277291980022548289888513511631269590569842180511999408934826,0xe407f2a0500097f53f9a1634b910ac5e85f52bc9389be48096dd81943a6c009c,world-series-winner,world-series-winner,Dodgers,1,0x83ce6107aa23035c275d01ab1349118400721289b65808987d38b309d2b8a5aa,0x8b966546077125ff2a628d31671ef0d73be27b25
1762045988,2025-11-02 01:13:08+00:00,0.77,2.27,BUY,66823754893113160492896748488545715596397411386149556601840637775889894946661,0xe407f2a0500097f53f9a1634b910ac5e85f52bc9389be48096dd81943a6c009c,world-series-winner,world-series-winner,Blue Jays,0,0x67d71c3581c3c1f45afb1ec1520c1045030a8f8913e92734542de13b8b668221,0x97317409bfd9e992611596acee93e8b938019b35
1762045714,2025-11-02 01:08:34+00:00,0.21999997271999794,22.727271,BUY,53265480907230993277291980022548289888513511631269590569842180511999408934826,0xe407f2a0500097f53f9a1634b910ac5e85f52bc9389be48096dd81943a6c009c,world-series-winner,world-series-winner,Dodgers,1,0x703a3c6f59bd3c462b9c93e9e5067ee44a0762d1ac29a69ef043b706c4f99781,0x8b966546077125ff2a628d31671ef0d73be27b25
1762045368,2025-11-02 01:02:48+00:00,0.20475020475020475,24.42,BUY,53265480907230993277291980022548289888513511631269590569842180511999408934826,0xe407f2a0500097f53f9a1634b910ac5e85f52bc9389be48096dd81943a6c009c,world-series-winner,world-series-winner,Dodgers,1,0x102cc688e1cdfa177982e76c64974c80ee19b64b5884414f0f048db60dc82354,0xf3fc27d28ff30790ffe885d2266d0d4ffec71e14
1762045344,2025-11-02 01:02:24+00:00,0.15,35.08,SELL,53265480907230993277291980022548289888513511631269590569842180511999408934826,0xe407f2a0500097f53f9a1634b910ac5e85f52bc9389be48096dd81943a6c009c,world-series-winner,world-series-winner,Dodgers,1,0x6a71e40a08d6c5b3350dd579310d59e2487506063ab461669090e20ec5c2e989,0xf7a5baef17a3ae389e97fc7745a41668f745e9c8
1762045320,2025-11-02 01:02:00+00:00,0.8088354833009366,113.18,SELL,66823754893113160492896748488545715596397411386149556601840637775889894946661,0xe407f2a0500097f53f9a1634b910ac5e85f52bc9389be48096dd81943a6c009c,world-series-winner,world-series-winner,Blue Jays,0,0x5bb0c2bad215110bcf077fe3af2feb8f7d121e1514c9573fdf3c9b5f9eece189,0xf3fc27d28ff30790ffe885d2266d0d4ffec71e14
1762044494,2025-11-02 00:48:14+00:00,0.5199999833599972,9.615383,BUY,53265480907230993277291980022548289888513511631269590569842180511999408934826,0xe407f2a0500097f53f9a1634b910ac5e85f52bc9389be48096dd81943a6c009c,world-series-winner,world-series-winner,Dodgers,1,0x52f803b71733d87e18d8a62c8c6611634ec5a097e26c288a8f611797d555b01d,0x8b966546077125ff2a628d31671ef0d73be27b25
1762043974,2025-11-02 00:39:34+00:00,0.55,100.0,BUY,66823754893113160492896748488545715596397411386149556601840637775889894946661,0xe407f2a0500097f53f9a1634b910ac5e85f52bc9389be48096dd81943a6c009c,world-series-winner,world-series-winner,Blue Jays,0,0xc4b31f3102fc0587d8f9348b4b99cecfa2b67b72356de890767be0301bfda5e6,0x212954857f5efc138748c33d032a93bf95974222
1762043424,2025-11-02 00:30:24+00:00,0.4799999950741162,73.083332,BUY,66823754893113160492896748488545715596397411386149556601840637775889894946661,0xe407f2a0500097f53f9a1634b910ac5e85f52bc9389be48096dd81943a6c009c,world-series-winner,world-series-winner,Blue Jays,0,0x66a05a07db67532e9cb13f0f3eaa6d5da8cb919e8d93780c12d14f338172e74e,0xf3fc27d28ff30790ffe885d2266d0d4ffec71e14
1762038390,2025-11-01 23:06:30+00:00,0.5699999925899997,35.087718,BUY,53265480907230993277291980022548289888513511631269590569842180511999408934826,0xe407f2a0500097f53f9a1634b910ac5e85f52bc9389be48096dd81943a6c009c,world-series-winner,world-series-winner,Dodgers,1,0x29a40aba5a229e55a30f27b1192fe30de83011d547fcf7c13bfa48f87d48bf3d,0xf7a5baef17a3ae389e97fc7745a41668f745e9c8
1762033714,2025-11-01 21:48:34+00:00,0.56,58.82,SELL,53265480907230993277291980022548289888513511631269590569842180511999408934826,0xe407f2a0500097f53f9a1634b910ac5e85f52bc9389be48096dd81943a6c009c,world-series-winner,world-series-winner,Dodgers,1,0x2eb1e0aa6cec151da206ed4e80939dbe3ef21ae5db7f4c67839470095211a3c5,0xc2581454365b8eb99b63dedc75a2e21768fb1935
1762033640,2025-11-01 21:47:20+00:00,0.44,8.0,BUY,66823754893113160492896748488545715596397411386149556601840637775889894946661,0xe407f2a0500097f53f9a1634b910ac5e85f52bc9389be48096dd81943a6c009c,world-series-winner,world-series-winner,Blue Jays,0,0x07790be324afd2bf03af35d0d8efb61770c017a9e3ad4c23250c0258f73fca70,0x0d2ad18a44ac2d4a001aedd0ef9a7b016daa031d
1762027660,2025-11-01 20:07:40+00:00,0.43999999912,272.727271,BUY,66823754893113160492896748488545715596397411386149556601840637775889894946661,0xe407f2a0500097f53f9a1634b910ac5e85f52bc9389be48096dd81943a6c009c,world-series-winner,world-series-winner,Blue Jays,0,0xd0bf95c2542ff5b917678ab36e9b48fdaf2fbadf2b822ecc27d4229e3043b401,0x6e24f85823576a83bacd78aade5d21527fe551af
1762027258,2025-11-01 20:00:58+00:00,0.56,29.41,SELL,53265480907230993277291980022548289888513511631269590569842180511999408934826,0xe407f2a0500097f53f9a1634b910ac5e85f52bc9389be48096dd81943a6c009c,world-series-winner,world-series-winner,Dodgers,1,0xa64dbf589dcf7eef41a850d6b2efc61cf324e5b02f0c7ecb6d44171c3362d675,0x4be5bded93bcdb1df8f8d5ec41bef02e53b1c002
1762026442,2025-11-01 19:47:22+00:00,0.5799999982599999,34.482757,BUY,53265480907230993277291980022548289888513511631269590569842180511999408934826,0xe407f2a0500097f53f9a1634b910ac5e85f52bc9389be48096dd81943a6c009c,world-series-winner,world-series-winner,Dodgers,1,0xbd95c823c89db93cf60d96f8df39a0242a8385bc8bc8382216f660cb657d5d7a,0x8b966546077125ff2a628d31671ef0d73be27b25
1762023386,2025-11-01 18:56:26+00:00,0.43999999207999974,45.454544,BUY,66823754893113160492896748488545715596397411386149556601840637775889894946661,0xe407f2a0500097f53f9a1634b910ac5e85f52bc9389be48096dd81943a6c009c,world-series-winner,world-series-winner,Blue Jays,0,0xfaace0c51364ad89e72eea016996d057e030a80b187419883b9e09f982036c3e,0xc47e056c2678a7594a297b024f0bafc5f6698ae4
1762023370,2025-11-01 18:56:10+00:00,0.59,30.0,BUY,53265480907230993277291980022548289888513511631269590569842180511999408934826,0xe407f2a0500097f53f9a1634b910ac5e85f52bc9389be48096dd81943a6c009c,world-series-winner,world-series-winner,Dodgers,1,0x583ab81c71e0c1fb7e636d47c24d363757192ce519836b2cc9aa8190d1c8e242,0x16186b08bbecb9b0c40760f6856267281629f924
1762017201,2025-11-01 17:13:21+00:00,0.43999999207999974,45.454544,BUY,66823754893113160492896748488545715596397411386149556601840637775889894946661,0xe407f2a0500097f53f9a1634b910ac5e85f52bc9389be48096dd81943a6c009c,world-series-winner,world-series-winner,Blue Jays,0,0x2afb56e59b1d85907468697fc5f790e190cf3fb39c99ef3e978a4ecbf8a160e5,0xc47e056c2678a7594a297b024f0bafc5f6698ae4
1762017187,2025-11-01 17:13:07+00:00,0.5752065974673841,20.862066,BUY,53265480907230993277291980022548289888513511631269590569842180511999408934826,0xe407f2a0500097f53f9a1634b910ac5e85f52bc9389be48096dd81943a6c009c,world-series-winner,world-series-winner,Dodgers,1,0x8b3fe5fd6a06167013443d0d426fa9bcd67b8d436b5219f5e26a02ffe28ea74c,0x0fed97668ee9f743676d53a4a832b500336b97d3
1762000521,2025-11-01 12:35:21+00:00,0.55,5.0,SELL,53265480907230993277291980022548289888513511631269590569842180511999408934826,0xe407f2a0500097f53f9a1634b910ac5e85f52bc9389be48096dd81943a6c009c,world-series-winner,world-series-winner,Dodgers,1,0xadc93b1cb311fcb48c6975ce6d4d2293bc78e37ae7a9aa1a359ccee65795f822,0xa0eccda9c68b2deaee4996ca69df5fbff5a29684
1761987636,2025-11-01 09:00:36+00:00,0.6,25.0,BUY,53265480907230993277291980022548289888513511631269590569842180511999408934826,0xe407f2a0500097f53f9a1634b910ac5e85f52bc9389be48096dd81943a6c009c,world-series-winner,world-series-winner,Dodgers,1,0xafd794b9fd0024bddb009af516310e807728ee423681a5e85632de2006bb2520,0x79a5649d5c08a487efc1b77e63f38c4511d9c2d6
1761977670,2025-11-01 06:14:30+00:00,0.6,5.0,BUY,53265480907230993277291980022548289888513511631269590569842180511999408934826,0xe407f2a0500097f53f9a1634b910ac5e85f52bc9389be48096dd81943a6c009c,world-series-winner,world-series-winner,Dodgers,1,0x8339ab9020bc30dd60498880128ebefe680486e652f7efe85f6d3380c5ccc8cf,0xa0eccda9c68b2deaee4996ca69df5fbff5a29684
1761976736,2025-11-01 05:58:56+00:00,0.51,100.0,BUY,53265480907230993277291980022548289888513511631269590569842180511999408934826,0xe407f2a0500097f53f9a1634b910ac5e85f52bc9389be48096dd81943a6c009c,world-series-winner,world-series-winner,Dodgers,1,0x5bbb50d05ef38b7516c3aef9c62f5ad9f5ced6f8c3a044cc50976920dece64a6,0xa9878e59934ab507f9039bcb917c1bae0451141d
1761969952,2025-11-01 04:05:52+00:00,0.56,151.6,BUY,53265480907230993277291980022548289888513511631269590569842180511999408934826,0xe407f2a0500097f53f9a1634b910ac5e85f52bc9389be48096dd81943a6c009c,world-series-winner,world-series-winner,Dodgers,1,0xade8875f242fe43d92782de40ece19b69a43d1e5524e45b1bebbb9efa36fe3ca,0x6dd3089cb0bb0bbf86aba80cf1a6cb530565f7d3
1761967032,2025-11-01 03:17:12+00:00,0.47,100.0,BUY,53265480907230993277291980022548289888513511631269590569842180511999408934826,0xe407f2a0500097f53f9a1634b910ac5e85f52bc9389be48096dd81943a6c009c,world-series-winner,world-series-winner,Dodgers,1,0x44909c5081dff9d4e287a71b69a5cc84b1a3c4fc35e102f6b46ab0bb84d70b30,0x6dd3089cb0bb0bbf86aba80cf1a6cb530565f7d3
1761958862,2025-11-01 01:01:02+00:00,0.384,2250.0,BUY,53265480907230993277291980022548289888513511631269590569842180511999408934826,0xe407f2a0500097f53f9a1634b910ac5e85f52bc9389be48096dd81943a6c009c,world-series-winner,world-series-winner,Dodgers,1,0x2855c4eac3fb012e1c855c1b0afc887599c23033360ee2205755bd3a3228f031,0xe4119958b1f9283370169eb05e5eaa96577a04c5
1761958856,2025-11-01 01:00:56+00:00,0.34592904904641125,2428.72,BUY,53265480907230993277291980022548289888513511631269590569842180511999408934826,0xe407f2a0500097f53f9a1634b910ac5e85f52bc9389be48096dd81943a6c009c,world-series-winner,world-series-winner,Dodgers,1,0xcb1e2c502e4d34e39e098b8da504751e59caabfbcd934011b89e56ea31ff560e,0xe4119958b1f9283370169eb05e5eaa96577a04c5
1761958554,2025-11-01 00:55:54+00:00,0.3399999857199992,29.411763,BUY,53265480907230993277291980022548289888513511631269590569842180511999408934826,0xe407f2a0500097f53f9a1634b910ac5e85f52bc9389be48096dd81943a6c009c,world-series-winner,world-series-winner,Dodgers,1,0xa3dd1c2cbe6531a5a7d43746a71a71ff72ff64e6d96b03570e2d4402b5aa293b,0x4be5bded93bcdb1df8f8d5ec41bef02e53b1c002
1761955960,2025-11-01 00:12:40+00:00,0.6799999945599995,29.411762,BUY,66823754893113160492896748488545715596397411386149556601840637775889894946661,0xe407f2a0500097f53f9a1634b910ac5e85f52bc9389be48096dd81943a6c009c,world-series-winner,world-series-winner,Blue Jays,0,0x3aa635a1dcc292b291decc08695d7f26efa44dd9caa3c4620e14a1cfb483dd58,0x470b63ab824b8a9fd79b86970be1487b22209683
1761944012,2025-10-31 20:53:32+00:00,0.3399999911599998,58.823528,BUY,53265480907230993277291980022548289888513511631269590569842180511999408934826,0xe407f2a0500097f53f9a1634b910ac5e85f52bc9389be48096dd81943a6c009c,world-series-winner,world-series-winner,Dodgers,1,0xf96ac888a0fc0da0225fe31d6a0df207e05c2b5e390a3a79eb3a13d2f160a6d9,0xc2581454365b8eb99b63dedc75a2e21768fb1935
1761904294,2025-10-31 09:51:34+00:00,0.32,199.99,SELL,53265480907230993277291980022548289888513511631269590569842180511999408934826,0xe407f2a0500097f53f9a1634b910ac5e85f52bc9389be48096dd81943a6c009c,world-series-winner,world-series-winner,Dodgers,1,0x955252e9d4dca4bb5c8543642158e0a1747b4b21a998eb8a8090e77bd09caf86,0xcc77f32616a96f696a3850ad48c0e378eddcc035
1761887125,2025-10-31 05:05:25+00:00,0.32999978219992593,3.030302,BUY,53265480907230993277291980022548289888513511631269590569842180511999408934826,0xe407f2a0500097f53f9a1634b910ac5e85f52bc9389be48096dd81943a6c009c,world-series-winner,world-series-winner,Dodgers,1,0xc4788911ce3aad5ebfee8129e8aefafe05ec9e6815fff46f6d48feb20dbaf822,0x4c8fa6e4e0366ffd763f101af39877d59e6ebdcc
1761876773,2025-10-31 02:12:53+00:00,0.67,111.88,SELL,66823754893113160492896748488545715596397411386149556601840637775889894946661,0xe407f2a0500097f53f9a1634b910ac5e85f52bc9389be48096dd81943a6c009c,world-series-winner,world-series-winner,Blue Jays,0,0x93ba991071dba3d082b751aada0b8359f7bab32856b60edc320d8600fe4468e6,0x9efd78379ac711510a078582dbb366144e971880
1761865727,2025-10-30 23:08:47+00:00,0.67,41.0,SELL,66823754893113160492896748488545715596397411386149556601840637775889894946661,0xe407f2a0500097f53f9a1634b910ac5e85f52bc9389be48096dd81943a6c009c,world-series-winner,world-series-winner,Blue Jays,0,0x312c3763d04adc594d5a5dbc51e2777848359cab3ea6dfb27dfc3290814edbf0,0x244ba241484b6af2ad4cfee3c3a77885c82ed87f
1761861655,2025-10-30 22:00:55+00:00,0.32999978219992593,3.030302,BUY,53265480907230993277291980022548289888513511631269590569842180511999408934826,0xe407f2a0500097f53f9a1634b910ac5e85f52bc9389be48096dd81943a6c009c,world-series-winner,world-series-winner,Dodgers,1,0x95df944b1e7efd2bd87424ece995c57d5f37169f49ede1e83c95988c958d9ffa,0xa3295565a4e432ad157c176ae3e798e5970d6d41
1761860341,2025-10-30 21:39:01+00:00,0.6799999986085771,172.485293,BUY,66823754893113160492896748488545715596397411386149556601840637775889894946661,0xe407f2a0500097f53f9a1634b910ac5e85f52bc9389be48096dd81943a6c009c,world-series-winner,world-series-winner,Blue Jays,0,0xcccf34401477bc9432d8446cf45114c3aa4c78ab98edb1ef66f7974506ada1a3,0x6e24f85823576a83bacd78aade5d21527fe551af
1761850713,2025-10-30 18:58:33+00:00,0.68,111.88235,BUY,66823754893113160492896748488545715596397411386149556601840637775889894946661,0xe407f2a0500097f53f9a1634b910ac5e85f52bc9389be48096dd81943a6c009c,world-series-winner,world-series-winner,Blue Jays,0,0xcbb7fb3c44e370c14f80fe39cd6ed16d57b82e37325f6b387bfb17ba4b7d2999,0x9efd78379ac711510a078582dbb366144e971880
1761835049,2025-10-30 14:37:29+00:00,0.66,3.03,SELL,66823754893113160492896748488545715596397411386149556601840637775889894946661,0xe407f2a0500097f53f9a1634b910ac5e85f52bc9389be48096dd81943a6c009c,world-series-winner,world-series-winner,Blue Jays,0,0xb8958c0bd229edc56cd1df94530dfbdbe5ad4dcd1fc60e2a945c96a5b9f235f7,0x445d7f9d4b2a7e647740e10c3b22f9c884723a02
1761830575,2025-10-30 13:22:55+00:00,0.6799998911999086,1.470587,BUY,66823754893113160492896748488545715596397411386149556601840637775889894946661,0xe407f2a0500097f53f9a1634b910ac5e85f52bc9389be48096dd81943a6c009c,world-series-winner,world-series-winner,Blue Jays,0,0x19fa83cc2564dfb02dcda8522d6b3638f517031975e2201cc243d4bb24c62dae,0x44752934267723f582f15dd5a4a8194ef5927e95
1761827435,2025-10-30 12:30:35+00:00,0.6799999727999957,7.35294,BUY,66823754893113160492896748488545715596397411386149556601840637775889894946661,0xe407f2a0500097f53f9a1634b910ac5e85f52bc9389be48096dd81943a6c009c,world-series-winner,world-series-winner,Blue Jays,0,0x7ada582c0e47c3535e77c7c1df3b7da426c35b01faa2f119a0f81a09fe170b9b,0xe976a9b9557e8f2233d8497a3cac015d60d12ea7
1761816739,2025-10-30 09:32:19+00:00,0.6999998931296242,1.871426,BUY,66823754893113160492896748488545715596397411386149556601840637775889894946661,0xe407f2a0500097f53f9a1634b910ac5e85f52bc9389be48096dd81943a6c009c,world-series-winner,world-series-winner,Blue Jays,0,0x658840e168f7f4379e3e4539b2d30834206affad04909bba81589a1bc08c086e,0x191bf14e32a882fb47691ff13159b273b964fda0
1761802643,2025-10-30 05:37:23+00:00,0.68,0.65,SELL,66823754893113160492896748488545715596397411386149556601840637775889894946661,0xe407f2a0500097f53f9a1634b910ac5e85f52bc9389be48096dd81943a6c009c,world-series-winner,world-series-winner,Blue Jays,0,0x81d243a70220acd6d1b500764722989d374fef4f70a904a446a74e958e1b69fa,0x6dd3089cb0bb0bbf86aba80cf1a6cb530565f7d3
1761802557,2025-10-30 05:35:57+00:00,0.68,409.0,SELL,66823754893113160492896748488545715596397411386149556601840637775889894946661,0xe407f2a0500097f53f9a1634b910ac5e85f52bc9389be48096dd81943a6c009c,world-series-winner,world-series-winner,Blue Jays,0,0x47508b1d39e01fe07b6f290a84d347d6cab17819449f7a244e7384f9cf4ce68a,0x6dd3089cb0bb0bbf86aba80cf1a6cb530565f7d3
1761799307,2025-10-30 04:41:47+00:00,0.36,8.39,BUY,53265480907230993277291980022548289888513511631269590569842180511999408934826,0xe407f2a0500097f53f9a1634b910ac5e85f52bc9389be48096dd81943a6c009c,world-series-winner,world-series-winner,Dodgers,1,0xcc29062e2b4b1abab46439577150ef0d080269e029ba82987192c29d52941596,0x2382bc1a87a891090a5a4f43ba30e013ceb04628
1761799095,2025-10-30 04:38:15+00:00,0.3599999793053879,23.194443,BUY,53265480907230993277291980022548289888513511631269590569842180511999408934826,0xe407f2a0500097f53f9a1634b910ac5e85f52bc9389be48096dd81943a6c009c,world-series-winner,world-series-winner,Dodgers,1,0x9b6771d642ed94d620d9639bc8d3e5160cbf51152ac4a120c58f2b4abfbb8ad4,0x2382bc1a87a891090a5a4f43ba30e013ceb04628
1761799093,2025-10-30 04:38:13+00:00,0.36,30.0,BUY,53265480907230993277291980022548289888513511631269590569842180511999408934826,0xe407f2a0500097f53f9a1634b910ac5e85f52bc9389be48096dd81943a6c009c,world-series-winner,world-series-winner,Dodgers,1,0x5d53b86665f98d36dc441a283f4e300f7e43755d76901b14152cba30fbacc71a,0x2382bc1a87a891090a5a4f43ba30e013ceb04628
1761792525,2025-10-30 02:48:45+00:00,0.93,23.6559,BUY,66823754893113160492896748488545715596397411386149556601840637775889894946661,0xe407f2a0500097f53f9a1634b910ac5e85f52bc9389be48096dd81943a6c009c,world-series-winner,world-series-winner,Blue Jays,0,0xf81c447ed79b420c3d1d998b7b50b06c3bd6c330bda8f5c8466c3fb783794601,0xf770dbbb46b4fd45f1b5e1c2dd5436700e43d0d7
1761788073,2025-10-30 01:34:33+00:00,0.5,955.17,BUY,66823754893113160492896748488545715596397411386149556601840637775889894946661,0xe407f2a0500097f53f9a1634b910ac5e85f52bc9389be48096dd81943a6c009c,world-series-winner,world-series-winner,Blue Jays,0,0xe1d22aae80d6e6a419d3d65426fa011aff999624cc5497058a44acb79ecb2e5d,0x6dd3089cb0bb0bbf86aba80cf1a6cb530565f7d3
1761785009,2025-10-30 00:43:29+00:00,0.46853537629562864,177.52,BUY,66823754893113160492896748488545715596397411386149556601840637775889894946661,0xe407f2a0500097f53f9a1634b910ac5e85f52bc9389be48096dd81943a6c009c,world-series-winner,world-series-winner,Blue Jays,0,0xbb8cc3e719001a0c814616b755a95b32b5728184ce4e8a3f297355e70f90a9d1,0x6dd3089cb0bb0bbf86aba80cf1a6cb530565f7d3
1761784035,2025-10-30 00:27:15+00:00,0.38,400.0,BUY,66823754893113160492896748488545715596397411386149556601840637775889894946661,0xe407f2a0500097f53f9a1634b910ac5e85f52bc9389be48096dd81943a6c009c,world-series-winner,world-series-winner,Blue Jays,0,0x97e067c96fc32a8dc83aa40510ba534914fcca66b5c5bc8bc6c6f84adaaa5491,0x53ecc53e7a69aad0e6dda60264cc2e363092df91
1761752409,2025-10-29 15:40:09+00:00,0.35,10.81,SELL,66823754893113160492896748488545715596397411386149556601840637775889894946661,0xe407f2a0500097f53f9a1634b910ac5e85f52bc9389be48096dd81943a6c009c,world-series-winner,world-series-winner,Blue Jays,0,0x50c1b7822d76984fee96869f8c76d7611d41dc2c45db90fc48744a0714417e31,0x1df278c0937c2e1fa88567086887451fa35b8b85
1761751413,2025-10-29 15:23:33+00:00,0.36999996947499486,10.810809,BUY,66823754893113160492896748488545715596397411386149556601840637775889894946661,0xe407f2a0500097f53f9a1634b910ac5e85f52bc9389be48096dd81943a6c009c,world-series-winner,world-series-winner,Blue Jays,0,0xe8626b5de5764834d2907d89be7577ebc141e07cec36d3822de9d0e48e55d86a,0x1df278c0937c2e1fa88567086887451fa35b8b85
1761738393,2025-10-29 11:46:33+00:00,0.6599999995875,48.484847,BUY,53265480907230993277291980022548289888513511631269590569842180511999408934826,0xe407f2a0500097f53f9a1634b910ac5e85f52bc9389be48096dd81943a6c009c,world-series-winner,world-series-winner,Dodgers,1,0xeca05f7a4a82c64ec6de8218b8ae75d8d4d89d6e0fba13b5defa7251abebbc8e,0x10406e98028defdf54a6b0844287cb3cff3d26de
1761737867,2025-10-29 11:37:47+00:00,0.34,384.61,SELL,66823754893113160492896748488545715596397411386149556601840637775889894946661,0xe407f2a0500097f53f9a1634b910ac5e85f52bc9389be48096dd81943a6c009c,world-series-winner,world-series-winner,Blue Jays,0,0xb411da81ac8452f5a6c39d04a42185651122bd28d4083cd71583b10e33f760b8,0x10406e98028defdf54a6b0844287cb3cff3d26de
1761730879,2025-10-29 09:41:19+00:00,0.37999996199999114,7.894735,BUY,66823754893113160492896748488545715596397411386149556601840637775889894946661,0xe407f2a0500097f53f9a1634b910ac5e85f52bc9389be48096dd81943a6c009c,world-series-winner,world-series-winner,Blue Jays,0,0x27f82449b10833eeafaaf8331ab3ef6326fe009112b5c455110b3528ee778206,0xf699c76863e347b0824f4523c76ccb1a3bbee465
1761730725,2025-10-29 09:38:45+00:00,0.3799999950599998,52.631577,BUY,66823754893113160492896748488545715596397411386149556601840637775889894946661,0xe407f2a0500097f53f9a1634b910ac5e85f52bc9389be48096dd81943a6c009c,world-series-winner,world-series-winner,Blue Jays,0,0xccdda6b45439aa246428a25dbde676c4b84c5f74fba541e3ab4212d60301968a,0xf699c76863e347b0824f4523c76ccb1a3bbee465
1761730561,2025-10-29 09:36:01+00:00,0.3799999011999269,2.631577,BUY,66823754893113160492896748488545715596397411386149556601840637775889894946661,0xe407f2a0500097f53f9a1634b910ac5e85f52bc9389be48096dd81943a6c009c,world-series-winner,world-series-winner,Blue Jays,0,0x704fed8f8bf85fb4459b8d8c9eef08ac739907628a593775d3553795c3309835,0xf699c76863e347b0824f4523c76ccb1a3bbee465
1761712081,2025-10-29 04:28:01+00:00,0.35938967136150235,426.0,BUY,66823754893113160492896748488545715596397411386149556601840637775889894946661,0xe407f2a0500097f53f9a1634b910ac5e85f52bc9389be48096dd81943a6c009c,world-series-winner,world-series-winner,Blue Jays,0,0xce99ea55959f1718673263ae7ea39ccceb7f672f7b3ef2ad1fb9b7117a5e73ad,0xa9878e59934ab507f9039bcb917c1bae0451141d
1761710727,2025-10-29 04:05:27+00:00,0.32,400.0,BUY,66823754893113160492896748488545715596397411386149556601840637775889894946661,0xe407f2a0500097f53f9a1634b910ac5e85f52bc9389be48096dd81943a6c009c,world-series-winner,world-series-winner,Blue Jays,0,0x3fab2eb1d768f40d7248cf4e704792181bdebe57c1d3a7076ef3c51e0be629d1,0x6dd3089cb0bb0bbf86aba80cf1a6cb530565f7d3
1761708993,2025-10-29 03:36:33+00:00,0.34,400.0,BUY,66823754893113160492896748488545715596397411386149556601840637775889894946661,0xe407f2a0500097f53f9a1634b910ac5e85f52bc9389be48096dd81943a6c009c,world-series-winner,world-series-winner,Blue Jays,0,0x84db0c5bafd13b9902b222f1c9c431c715ab485079ffc860a526793b8388c2e1,0x6dd3089cb0bb0bbf86aba80cf1a6cb530565f7d3
1761708727,2025-10-29 03:32:07+00:00,0.33,100.0,BUY,66823754893113160492896748488545715596397411386149556601840637775889894946661,0xe407f2a0500097f53f9a1634b910ac5e85f52bc9389be48096dd81943a6c009c,world-series-winner,world-series-winner,Blue Jays,0,0x77931ecf263baa48392d258b4af8fdbbe17621e10681a7c41d41fcb0663322c9,0x6dd3089cb0bb0bbf86aba80cf1a6cb530565f7d3
1761708527,2025-10-29 03:28:47+00:00,0.33,400.0,BUY,66823754893113160492896748488545715596397411386149556601840637775889894946661,0xe407f2a0500097f53f9a1634b910ac5e85f52bc9389be48096dd81943a6c009c,world-series-winner,world-series-winner,Blue Jays,0,0xdfb66dbd3b3737fe20130290a35e2b7eca83aa81b61166c46f29f8bf461fcaa9,0x6dd3089cb0bb0bbf86aba80cf1a6cb530565f7d3
1761707345,2025-10-29 03:09:05+00:00,0.31,400.0,BUY,66823754893113160492896748488545715596397411386149556601840637775889894946661,0xe407f2a0500097f53f9a1634b910ac5e85f52bc9389be48096dd81943a6c009c,world-series-winner,world-series-winner,Blue Jays,0,0xd48caddb017465cc9f37813a896dd17965afa2fa48a087d4a7b52a243e7e7d73,0x6dd3089cb0bb0bbf86aba80cf1a6cb530565f7d3
1761706435,2025-10-29 02:53:55+00:00,0.25,400.0,BUY,66823754893113160492896748488545715596397411386149556601840637775889894946661,0xe407f2a0500097f53f9a1634b910ac5e85f52bc9389be48096dd81943a6c009c,world-series-winner,world-series-winner,Blue Jays,0,0x7837fa93fc3a82064ec07decf2e2ca8769adcdd1e520308239400427ef281c02,0x6dd3089cb0bb0bbf86aba80cf1a6cb530565f7d3
1761705573,2025-10-29 02:39:33+00:00,0.3411183826107281,171.14,BUY,66823754893113160492896748488545715596397411386149556601840637775889894946661,0xe407f2a0500097f53f9a1634b910ac5e85f52bc9389be48096dd81943a6c009c,world-series-winner,world-series-winner,Blue Jays,0,0x84ef281a8389e5bcd7144dd485cf75f5c683f43e95305a3dd12116b8defeb8de,0x6dd3089cb0bb0bbf86aba80cf1a6cb530565f7d3
1761694105,2025-10-28 23:28:25+00:00,0.259999998492,384.615383,BUY,66823754893113160492896748488545715596397411386149556601840637775889894946661,0xe407f2a0500097f53f9a1634b910ac5e85f52bc9389be48096dd81943a6c009c,world-series-winner,world-series-winner,Blue Jays,0,0xbebc71cee2936be1cc2ad0a01faaf23a114012c4aa23c1e21b7c879408b001f0,0x10406e98028defdf54a6b0844287cb3cff3d26de
1761667139,2025-10-28 15:58:59+00:00,0.8099999189999503,1.728394,BUY,53265480907230993277291980022548289888513511631269590569842180511999408934826,0xe407f2a0500097f53f9a1634b910ac5e85f52bc9389be48096dd81943a6c009c,world-series-winner,world-series-winner,Dodgers,1,0xc8010850b8bb7dc70c478bed685b9ebfba89874b394c45d79e3fadb8b8eb0517,0x49ec91ffe819c8f90c3727fb03c5f834a95710f4
1761652329,2025-10-28 11:52:09+00:00,0.72,142.11,SELL,53265480907230993277291980022548289888513511631269590569842180511999408934826,0xe407f2a0500097f53f9a1634b910ac5e85f52bc9389be48096dd81943a6c009c,world-series-winner,world-series-winner,Dodgers,1,0x75da93e54e464bc80f3516b11db15d123cb35ff4683674bd331517d39c979cab,0x10406e98028defdf54a6b0844287cb3cff3d26de
1761650647,2025-10-28 11:24:07+00:00,0.78,400.0,BUY,53265480907230993277291980022548289888513511631269590569842180511999408934826,0xe407f2a0500097f53f9a1634b910ac5e85f52bc9389be48096dd81943a6c009c,world-series-winner,world-series-winner,Dodgers,1,0xc45d1e21b063e60d0de6d015582fc3d3a39b11ae93e6ae912406ef71594b5af3,0xa2f8303c186e71dc7afa354dde0defb3e0432752
1761650171,2025-10-28 11:16:11+00:00,0.78,400.0,BUY,53265480907230993277291980022548289888513511631269590569842180511999408934826,0xe407f2a0500097f53f9a1634b910ac5e85f52bc9389be48096dd81943a6c009c,world-series-winner,world-series-winner,Dodgers,1,0x99ec81233bf8cb424f6d53aa6d2f8c3729c0fd7f5ebc1bd69228e4ba7044eebb,0xa2f8303c186e71dc7afa354dde0defb3e0432752
1761648525,2025-10-28 10:48:45+00:00,0.78,108.0,BUY,53265480907230993277291980022548289888513511631269590569842180511999408934826,0xe407f2a0500097f53f9a1634b910ac5e85f52bc9389be48096dd81943a6c009c,world-series-winner,world-series-winner,Dodgers,1,0x811cb7167d6db86a1f7da0c344a22a2f2f9da9c19f0c1679ec6764719c90099d,0x7bf5b395c34d067743e25d0db18c1f33352c55d0
1761648299,2025-10-28 10:44:59+00:00,0.78,288.24,BUY,53265480907230993277291980022548289888513511631269590569842180511999408934826,0xe407f2a0500097f53f9a1634b910ac5e85f52bc9389be48096dd81943a6c009c,world-series-winner,world-series-winner,Dodgers,1,0x200e3db6bdfb3249e957aed8b01272942915bba552373c27f11f2134d12b2230,0x5384a281e4320c8cde52db213f40cdd230ece021
1761647511,2025-10-28 10:31:51+00:00,0.7591743119266054,436.0,BUY,53265480907230993277291980022548289888513511631269590569842180511999408934826,0xe407f2a0500097f53f9a1634b910ac5e85f52bc9389be48096dd81943a6c009c,world-series-winner,world-series-winner,Dodgers,1,0x24127fb44578cc06a740fd09ebaa34081fe7c6e6cc1a170b53a6dda964cc1d3c,0x5384a281e4320c8cde52db213f40cdd230ece021
1761614685,2025-10-28 01:24:45+00:00,0.35,14.0,BUY,66823754893113160492896748488545715596397411386149556601840637775889894946661,0xe407f2a0500097f53f9a1634b910ac5e85f52bc9389be48096dd81943a6c009c,world-series-winner,world-series-winner,Blue Jays,0,0x06847a66aa76d3b352904212ec50603d82fc9b1926d9116cfadb1eae03f48772,0x655dd6c8a65690da8a869386ffe884a11beeabfe
1761612491,2025-10-28 00:48:11+00:00,0.7,629.47,BUY,53265480907230993277291980022548289888513511631269590569842180511999408934826,0xe407f2a0500097f53f9a1634b910ac5e85f52bc9389be48096dd81943a6c009c,world-series-winner,world-series-winner,Dodgers,1,0x7207c49507cfeb857dc78b984fe7883a57ce850ac45ca2b6b28e2929cc691101,0xa21830f241f888e66c3ed3f144e5fc00793e94cd
1761600573,2025-10-27 21:29:33+00:00,0.3,4.53,SELL,66823754893113160492896748488545715596397411386149556601840637775889894946661,0xe407f2a0500097f53f9a1634b910ac5e85f52bc9389be48096dd81943a6c009c,world-series-winner,world-series-winner,Blue Jays,0,0x54df6d6156ecdefd75d367d897eeab3f61ebb2eaa43b8f688bf35bdd3bb61772,0x2ea5a2d401befede49ac8aa4a8b10d7531445427
1761505281,2025-10-26 19:01:21+00:00,0.33,10.0,SELL,66823754893113160492896748488545715596397411386149556601840637775889894946661,0xe407f2a0500097f53f9a1634b910ac5e85f52bc9389be48096dd81943a6c009c,world-series-winner,world-series-winner,Blue Jays,0,0xb0d830a6282cc057273b3847bd9923f0176268a5e9e4668f91fedc24835b0519,0xdf57467a6544bc28530a37a0286dd1baea75053b
1761495869,2025-10-26 16:24:29+00:00,0.3499998774999204,2.857141,BUY,66823754893113160492896748488545715596397411386149556601840637775889894946661,0xe407f2a0500097f53f9a1634b910ac5e85f52bc9389be48096dd81943a6c009c,world-series-winner,world-series-winner,Blue Jays,0,0x14fd6f98bd5000c91fdf969cf129a3cb61cbfacb637e976558227e1b5c9002e7,0x998b677072cdc7afe4f0848875992ad26d64d53b
1761477367,2025-10-26 11:16:07+00:00,0.6693896713615023,426.0,BUY,53265480907230993277291980022548289888513511631269590569842180511999408934826,0xe407f2a0500097f53f9a1634b910ac5e85f52bc9389be48096dd81943a6c009c,world-series-winner,world-series-winner,Dodgers,1,0x219fad20272e75bd927ab7df627403b9d4a3c558c300e0738f9c1a057a8ab80a,0x4d47c4b24ed80bcf01ee5f7197977850f875d584
1761446965,2025-10-26 02:49:25+00:00,0.56,400.0,BUY,53265480907230993277291980022548289888513511631269590569842180511999408934826,0xe407f2a0500097f53f9a1634b910ac5e85f52bc9389be48096dd81943a6c009c,world-series-winner,world-series-winner,Dodgers,1,0x5bf013ddbbbe7c54e0c0c49b33ca1c8118d7c0eea71dad1ac3ab573462f9d9d1,0x22c701222a786516857612fb981c8d26e862ca3e
1761437083,2025-10-26 00:04:43+00:00,0.44,7.19,SELL,66823754893113160492896748488545715596397411386149556601840637775889894946661,0xe407f2a0500097f53f9a1634b910ac5e85f52bc9389be48096dd81943a6c009c,world-series-winner,world-series-winner,Blue Jays,0,0xdac0c7de43d5c856be5928483befc34d3bebf74d6347ef0cb05bfb90ab4c6c53,0x28b7b6b19da4fff0e746ac2c0d43b1be0956ece8
1761413985,2025-10-25 17:39:45+00:00,0.55,34.0,BUY,53265480907230993277291980022548289888513511631269590569842180511999408934826,0xe407f2a0500097f53f9a1634b910ac5e85f52bc9389be48096dd81943a6c009c,world-series-winner,world-series-winner,Dodgers,1,0x1871c9a77bea035143461e0a08e6c1ae3c44dd9bdebdbe1f0897c27b306f61c0,0x506d0f1714b80d72908599b86703d87a72d21030
1761376511,2025-10-25 07:15:11+00:00,0.8874148383895833,12.39555,BUY,53265480907230993277291980022548289888513511631269590569842180511999408934826,0xe407f2a0500097f53f9a1634b910ac5e85f52bc9389be48096dd81943a6c009c,world-series-winner,world-series-winner,Dodgers,1,0x2a401918932cdf8eba846c424fa0c84ec6f9c9117393feee8d01f3cbd3791b3c,0x010295719d5e38c9061ed98f7c6f494f446b32af
1761365462,2025-10-25 04:11:02+00:00,0.5,10.0,BUY,66823754893113160492896748488545715596397411386149556601840637775889894946661,0xe407f2a0500097f53f9a1634b910ac5e85f52bc9389be48096dd81943a6c009c,world-series-winner,world-series-winner,Blue Jays,0,0x67e6727691c027c4e660c9b0c1c4fe615d5302fd520c50997a1a731057819300,0xdf57467a6544bc28530a37a0286dd1baea75053b
1761361998,2025-10-25 03:13:18+00:00,0.4986834756243517,40.1056,BUY,66823754893113160492896748488545715596397411386149556601840637775889894946661,0xe407f2a0500097f53f9a1634b910ac5e85f52bc9389be48096dd81943a6c009c,world-series-winner,world-series-winner,Blue Jays,0,0x0f5ad5af48a74a66c2422f9f8efc9631b1b162c8c8468b52234bf4496e6afed7,0xf3fc27d28ff30790ffe885d2266d0d4ffec71e14
1761359716,2025-10-25 02:35:16+00:00,0.32,87.19,BUY,66823754893113160492896748488545715596397411386149556601840637775889894946661,0xe407f2a0500097f53f9a1634b910ac5e85f52bc9389be48096dd81943a6c009c,world-series-winner,world-series-winner,Blue Jays,0,0x07c277325c894f6f63e9d03a33577024215095f093fce9564d375701d9e3d79e,0x244ba241484b6af2ad4cfee3c3a77885c82ed87f
1761359684,2025-10-25 02:34:44+00:00,0.32,285.0,BUY,66823754893113160492896748488545715596397411386149556601840637775889894946661,0xe407f2a0500097f53f9a1634b910ac5e85f52bc9389be48096dd81943a6c009c,world-series-winner,world-series-winner,Blue Jays,0,0xfd923d171619649a9681e740715d1ae8e121f8c9328802fdd91a57f6f46b3a2a,0x92672c80d36dcd08172aa1e51dface0f20b70f9a
1761345174,2025-10-24 22:32:54+00:00,0.32,4.53125,BUY,66823754893113160492896748488545715596397411386149556601840637775889894946661,0xe407f2a0500097f53f9a1634b910ac5e85f52bc9389be48096dd81943a6c009c,world-series-winner,world-series-winner,Blue Jays,0,0xf528df152778070c28786817cf7cf1491e8c700f45db388820a4c07b48288358,0x2ea5a2d401befede49ac8aa4a8b10d7531445427
1761343446,2025-10-24 22:04:06+00:00,0.7,1.82857,BUY,53265480907230993277291980022548289888513511631269590569842180511999408934826,0xe407f2a0500097f53f9a1634b910ac5e85f52bc9389be48096dd81943a6c009c,world-series-winner,world-series-winner,Dodgers,1,0x04acbd596af5cd8c76536c30c7dc31bd22fcb9642dcae3e75bbbb28da03cdc7e,0x620a549cb6bc3ef5e704d762cc2c96c43d1f96ef
1761337656,2025-10-24 20:27:36+00:00,0.6999999992963409,142.114283,BUY,53265480907230993277291980022548289888513511631269590569842180511999408934826,0xe407f2a0500097f53f9a1634b910ac5e85f52bc9389be48096dd81943a6c009c,world-series-winner,world-series-winner,Dodgers,1,0x4682dc057f0cf673528238880079e356df6d3db016f7f9b5b01c0a14112a2089,0x10406e98028defdf54a6b0844287cb3cff3d26de
1761304625,2025-10-24 11:17:05+00:00,0.7,1.42857,BUY,53265480907230993277291980022548289888513511631269590569842180511999408934826,0xe407f2a0500097f53f9a1634b910ac5e85f52bc9389be48096dd81943a6c009c,world-series-winner,world-series-winner,Dodgers,1,0x1a8823067966bd698bd1badcfa42b0d7b3e4dc6642543b98c54edf5656df5767,0x8605f51cc5919216e4683d033e036f2ef9846336
1761301181,2025-10-24 10:19:41+00:00,0.7,300.0,BUY,53265480907230993277291980022548289888513511631269590569842180511999408934826,0xe407f2a0500097f53f9a1634b910ac5e85f52bc9389be48096dd81943a6c009c,world-series-winner,world-series-winner,Dodgers,1,0x21dbb0a79ea3da8944dcf77f48f48b56e10147c597ff9e41adc361b74374af3c,0xab394fe48482c2a5003ff0c629c8211004f6c22f
1761300965,2025-10-24 10:16:05+00:00,0.7,1.42857,BUY,53265480907230993277291980022548289888513511631269590569842180511999408934826,0xe407f2a0500097f53f9a1634b910ac5e85f52bc9389be48096dd81943a6c009c,world-series-winner,world-series-winner,Dodgers,1,0xd4f9f48919720d5f0fa3df4cf1b7f94930f222a332e590e25fa7f9df18e01bad,0x44752934267723f582f15dd5a4a8194ef5927e95
1761256763,2025-10-23 21:59:23+00:00,0.69,1410.23,BUY,53265480907230993277291980022548289888513511631269590569842180511999408934826,0xe407f2a0500097f53f9a1634b910ac5e85f52bc9389be48096dd81943a6c009c,world-series-winner,world-series-winner,Dodgers,1,0xb8ec76862af5b2b8af11444c4aca1a3314150c52155c10f68fc0e5c31bd38237,0x4f9007a8bb6561a8cbc2909ca6b76be795bfa473
1761226167,2025-10-23 13:29:27+00:00,0.32,3.125,BUY,66823754893113160492896748488545715596397411386149556601840637775889894946661,0xe407f2a0500097f53f9a1634b910ac5e85f52bc9389be48096dd81943a6c009c,world-series-winner,world-series-winner,Blue Jays,0,0x2343efe485b2bd1621a709a83b0744b86efda91bca1886acc2f0844052d24da6,0xb463f7ff456976975bd0281614a1bb24634c9938
1761171774,2025-10-22 22:22:54+00:00,0.689999998965,144.927535,BUY,53265480907230993277291980022548289888513511631269590569842180511999408934826,0xe407f2a0500097f53f9a1634b910ac5e85f52bc9389be48096dd81943a6c009c,world-series-winner,world-series-winner,Dodgers,1,0x79c25a13f0cdb2150585e5e03c1e886fd5069b3d510dbe449fe3943190db9144,0x6e3902d8b63a6fc1d259fd3987822d11619d3122
1761128741,2025-10-22 10:25:41+00:00,0.68,1.42,SELL,53265480907230993277291980022548289888513511631269590569842180511999408934826,0xe407f2a0500097f53f9a1634b910ac5e85f52bc9389be48096dd81943a6c009c,world-series-winner,world-series-winner,Dodgers,1,0x21020b6b39e5d04fdfda1bc56c638cf1ed79fad8168261659d00ca874d95fd17,0x5ef693dc88e4d3bf1d6c1e35f7da4b060cba0454
1761108298,2025-10-22 04:44:58+00:00,0.689999997042857,50.724635,BUY,53265480907230993277291980022548289888513511631269590569842180511999408934826,0xe407f2a0500097f53f9a1634b910ac5e85f52bc9389be48096dd81943a6c009c,world-series-winner,world-series-winner,Dodgers,1,0x386af82ac016a110eb5d43e072dd3991d3554bff33364a1d92c1eb3adfcac85b,0xdaaeeff39053684f6d5c805640fbcf7f2ba121da
1761086477,2025-10-21 22:41:17+00:00,0.6899999871857136,20.289854,BUY,53265480907230993277291980022548289888513511631269590569842180511999408934826,0xe407f2a0500097f53f9a1634b910ac5e85f52bc9389be48096dd81943a6c009c,world-series-winner,world-series-winner,Dodgers,1,0x4b361fab53336b5873137d0ab7ef0ee5a9a20baeffe8aaaa14d45667482e8a85,0x8b966546077125ff2a628d31671ef0d73be27b25
1761079885,2025-10-21 20:51:25+00:00,0.6899999843181779,15.942025,BUY,53265480907230993277291980022548289888513511631269590569842180511999408934826,0xe407f2a0500097f53f9a1634b910ac5e85f52bc9389be48096dd81943a6c009c,world-series-winner,world-series-winner,Dodgers,1,0xcf7af5186dc724945ab01c529539b3b0d31e698b27db856be1294a0677d03df4,0xbce08f30e8f964f6589fe929f83a96b8c4031ae0
1761077579,2025-10-21 20:12:59+00:00,0.7,40.0,BUY,53265480907230993277291980022548289888513511631269590569842180511999408934826,0xe407f2a0500097f53f9a1634b910ac5e85f52bc9389be48096dd81943a6c009c,world-series-winner,world-series-winner,Dodgers,1,0x7af411d9b71e6033de4485ce6df0ec320b02245cb4457db9859b779155293b53,0x92c822fa8b43846d31cbff9745cc2b39aaed0c5b
1761074973,2025-10-21 19:29:33+00:00,0.32999978219992593,3.030302,BUY,66823754893113160492896748488545715596397411386149556601840637775889894946661,0xe407f2a0500097f53f9a1634b910ac5e85f52bc9389be48096dd81943a6c009c,world-series-winner,world-series-winner,Blue Jays,0,0xf444d68aa0db4bead0aa34dc120d083449c6bfd1750e755ecf864241c5ce43cb,0x445d7f9d4b2a7e647740e10c3b22f9c884723a02
1761073387,2025-10-21 19:03:07+00:00,0.7,1.42857,BUY,53265480907230993277291980022548289888513511631269590569842180511999408934826,0xe407f2a0500097f53f9a1634b910ac5e85f52bc9389be48096dd81943a6c009c,world-series-winner,world-series-winner,Dodgers,1,0x69b98396e424a7fbd0c21cdd075659c6ea2778d999671b892573a108d04d7071,0x5ef693dc88e4d3bf1d6c1e35f7da4b060cba0454
